Campaign Name,Variant Name,Tags,Subject,List,Send Time,Send Weekday,Total Recipients,Unique Placed Order,Placed Order Rate,Revenue,Unique Opens,Open Rate,Total Opens,Unique Clicks,Click Rate,Total Clicks,Unsubscribes,Spam Complaints,Spam Complaints Rate,Successful Deliveries,Bounces,Bounce Rate,Campaign ID,Campaign Channel,Winning Variant?
Reviewers VOC Segment - Resend,n/a,,We value your feedback! Get a $25 Amazon voucher,Reviewers VOC Segment,2023-05-01 18:30:00,Monday,131.0,1.0,0.78%,68.71,52.0,40.31%,260.0,3.0,2.33%,3.0,1.0,0.0,0.00%,129.0,2.0,1.53%,01GZC55SZB9WV5QJ4JYM3S48V2,Email,n/a
VOC - Iced Teas Buyers Segment,n/a,voc,Get a chance to win a $50 worth gift card!,Iced Teas Product Buyers - 2022,2023-05-01 18:30:00,Monday,919.0,1.0,0.11%,47.57,259.0,28.31%,459.0,5.0,0.55%,11.0,0.0,0.0,0.00%,915.0,4.0,0.43%,01GZC5RZ0SNSPRQ5P95SE6XYRM,Email,n/a
Mother's Day Email 2 // Under 30,n/a,all,"Hi {{ first_name|default:'' }}, Gifts for Mom in a budget! 🎁😍",AOV under 30,2023-05-02 18:30:00,Tuesday,8656.0,4.0,0.05%,96.99,2760.0,31.93%,3837.0,16.0,0.18%,32.0,7.0,0.0,0.00%,8645.0,11.0,0.13%,01GZEBWPY4FWF01D0TC8WG0VVR,Email,n/a
Mother's Day Email 2 // 30-50,n/a,,"Hi {{ first_name|default:'' }}, Gifts for Mom in a budget! 🎁😍",AOV under 50,2023-05-02 18:30:00,Tuesday,12486.0,8.0,0.06%,257.63,4099.0,32.88%,5855.0,23.0,0.18%,40.0,13.0,1.0,0.01%,12466.0,20.0,0.16%,01GZESXJ2TDH1PW80T1FMPQJAJ,Email,n/a
Mother's Day Email 2 // Over 50,n/a,,"Hi {{ first_name|default:'' }}, Spoil your mom with the finest tea gifts! 🎁😍",AOV above 50,2023-05-02 18:30:00,Tuesday,17951.0,16.0,0.09%,1106.54,6069.0,33.86%,8843.0,44.0,0.25%,73.0,24.0,0.0,0.00%,17922.0,29.0,0.16%,01GZETNT8ANTZ3Q8XV2494W2TN,Email,n/a
Mother's Day Email 2 // NL,n/a,,"Hi, Gifts for Mom in a budget! 🎁😍",Newsletter-Signup,2023-05-02 18:30:00,Tuesday,4273.0,3.0,0.07%,142.94,1336.0,31.35%,1962.0,28.0,0.66%,70.0,5.0,0.0,0.00%,4262.0,11.0,0.26%,01GZEVECPZTBR4ET6H70CAV2ZS,Email,n/a
Mother's Day Email 2 // ALL,n/a,all,"Hi {{ first_name|default:'' }}, Gifts for Mom in a budget! 🎁😍",Master-Shopify,2023-05-02 18:30:00,Tuesday,48547.0,3.0,0.01%,150.34,13542.0,27.95%,18361.0,68.0,0.14%,397.0,40.0,7.0,0.01%,48448.0,99.0,0.20%,01GZEVXXSEZ5DVEC97VXTPG67F,Email,n/a
Star Wars Day // ALL,n/a,all,"Hi {{ first_name|default:'' }}, May the 4th bring great savings ⚡🌌",Master-Shopify,2023-05-04 18:30:00,Thursday,85947.0,26.0,0.03%,1602.56,26221.0,30.58%,36567.0,227.0,0.27%,480.0,74.0,9.0,0.01%,85760.0,187.0,0.22%,01GZKJNJY560HAWYFCWKMCKM4A,Email,n/a
Star Wars Day // NL,n/a,newsletter,May the 4th bring great savings ⚡🌌,Newsletter-Signup,2023-05-04 18:30:00,Thursday,4270.0,2.0,0.05%,111.46,1324.0,31.09%,1942.0,37.0,0.87%,64.0,3.0,0.0,0.00%,4259.0,11.0,0.26%,01GZKJYKJC28DDD4JZJTQB8NWR,Email,n/a
Mother's Day Stories // ALL,n/a,all,❤️Thank You Mom❤️,Master-Shopify,2023-05-06 18:30:00,Saturday,90060.0,19.0,0.02%,1355.87,27547.0,30.64%,38360.0,199.0,0.22%,478.0,67.0,9.0,0.01%,89908.0,152.0,0.17%,01GZRW98ZFMZGBPR848KCANF94,Email,n/a
TEACH Me - Launch,n/a,,"Hi {{ first_name|default:'' }}, YOU make a difference.",Master-Shopify,2023-05-08 18:30:00,Monday,94984.0,20.0,0.02%,951.08,28482.0,30.05%,40155.0,121.0,0.13%,390.0,139.0,53.0,0.06%,94771.0,213.0,0.22%,01GZKJBTZWYH13AVHPXVTFZKF9,Email,n/a
Spices Buyers VOC - Resend,n/a,,"Hi {{ first_name|default:'' }}, Chance to win Gift Voucher worth $25!","Kitchen Essentials Box Buyers, Spices Caddy Buyers",2023-05-08 18:30:00,Monday,11.0,0.0,0.00%,0.0,7.0,63.64%,9.0,0.0,0.00%,0.0,0.0,0.0,0.00%,11.0,0.0,0.00%,01GZXYJ1NJZX5RGVFQB9H6DJZC,Email,n/a
Advent Calendar 2022 VOC - Resend,n/a,,Chance to win Gift Voucher worth $25!,Advent calendar Buyers - 2022,2023-05-08 18:30:00,Monday,101.0,0.0,0.00%,0.0,30.0,30.00%,44.0,0.0,0.00%,0.0,0.0,0.0,0.00%,100.0,1.0,0.99%,01GZXYNHB6E562J18VECHCX1ND,Email,n/a
TEACH Me - Launch / NL,n/a,,"Hi {{ first_name|default:'' }}, YOU make a difference.",Newsletter-Signup,2023-05-08 18:30:00,Monday,4996.0,3.0,0.06%,212.58,1584.0,31.78%,2358.0,15.0,0.30%,30.0,5.0,6.0,0.12%,4984.0,12.0,0.24%,01GZY4G8CEBN11DF9G6SFAH81R,Email,n/a
Mother's Day Recipes // ALL,n/a,all,This one's for MOM ❤️,Master-Shopify,2023-05-10 18:30:00,Wednesday,89912.0,19.0,0.02%,940.6,27050.0,30.14%,37929.0,97.0,0.11%,377.0,83.0,6.0,0.01%,89743.0,169.0,0.19%,01H03B8GACFF6FGG43917PE1FZ,Email,n/a
Influencers Creator Program - Simran,n/a,,"Hi {{ first_name|default:'' }}, Become a creator with VAHDAM India & get rewarded!",Influencers List - Simran [May 11th],2023-05-11 10:30:00,Thursday,337.0,0.0,0.00%,0.0,171.0,51.66%,620.0,29.0,8.76%,57.0,1.0,0.0,0.00%,331.0,6.0,1.78%,01H04P0H149NRVYSZEMYA5YXKZ,Email,n/a
Blue Pea Tea Launch // ALL minus SE,n/a,all,"Hi {{ first_name|default:'' }}, BLUES incoming 📨",Master-Shopify,2023-05-12 18:30:00,Friday,83350.0,22.0,0.03%,1165.99,39116.0,46.97%,55030.0,214.0,0.26%,330.0,161.0,9.0,0.01%,83282.0,68.0,0.08%,01H08ETD87E5CSS2Q7MQ0Y13BP,Email,n/a
First Flush Launch - Remaining Teas// SE,n/a,single estate,"Hi {{ first_name|default:'' }}, taste the best of Darjeeling 🏔️🍵","First Flush - Loyalist [~Purchased in last 90 Days], Past Interest in Single Estate, black tea segment - S_E_ and F_F_",2023-05-12 18:30:00,Friday,6403.0,17.0,0.27%,1152.33,3124.0,48.80%,4765.0,111.0,1.73%,574.0,13.0,2.0,0.03%,6401.0,2.0,0.03%,01H08GEJ7RD5ZE7B26802X3KR2,Email,n/a
Mother's Day Last Call // ALL,n/a,all,"I ❤️ You, Mom, To The 🌙 and Back..",Master-Shopify,2023-05-14 18:30:00,Sunday,89391.0,34.0,0.04%,1485.53,43455.0,48.69%,61788.0,231.0,0.26%,469.0,127.0,9.0,0.01%,89253.0,138.0,0.15%,01H0CE888TV7721YNMQQYFV36R,Email,n/a
VOC segment <=2,n/a,,"We, at VAHDAM® India, want to hear from you!!",VOC Segment 1 - Resend,2023-05-15 18:30:00,Monday,17498.0,5.0,0.03%,213.36,8825.0,50.51%,12694.0,24.0,0.14%,39.0,30.0,2.0,0.01%,17471.0,27.0,0.15%,01H0GK2S20HTVZSARA5YB48T8Z,Email,n/a
Iced Teas Launch // Loyalist,n/a,all,ICED TEAS you won't stop restocking all summer!🍹🕶️🍊🍑,Loyalist Customers - Iced Teas Launch,2023-05-16 18:30:00,Tuesday,3311.0,20.0,0.60%,1164.65,1524.0,46.04%,2334.0,112.0,3.38%,136.0,0.0,0.0,0.00%,3310.0,1.0,0.03%,01H0JFYTAS6ZN82A9E6MP2KXBX,Email,n/a
Iced Teas Launch // ALL,n/a,all,ICED TEAS you won't stop restocking all summer!🍹🕶️🍊🍑,Master-Shopify,2023-05-16 18:30:00,Tuesday,72156.0,11.0,0.01%,669.73,36054.0,50.01%,51307.0,428.0,0.59%,722.0,84.0,2.0,0.00%,72097.0,59.0,0.08%,01H0JSGA1T0NPZ1H4B2HAPKEKE,Email,n/a
Iced Teas Launch // Interest in Green Teas,n/a,all,ICED TEAS you won't stop restocking all summer!🍹🕶️🍊🍑,Interest in Green Teas - 2022,2023-05-16 18:30:00,Tuesday,4374.0,1.0,0.02%,63.15,1965.0,44.94%,2888.0,70.0,1.60%,96.0,6.0,2.0,0.05%,4373.0,1.0,0.02%,01H0JSNW9TZDFXVV0K75DJANCW,Email,n/a
Iced Teas Launch // Interest in Black Teas,n/a,all,ICED TEAS you won't stop restocking all summer!🍹🕶️🍊🍑,Interest in Black Teas - 2022,2023-05-16 18:30:00,Tuesday,4446.0,2.0,0.04%,68.57,1991.0,44.83%,3021.0,126.0,2.84%,151.0,10.0,0.0,0.00%,4441.0,5.0,0.11%,01H0JSSEC383G35QYE844Y2TCM,Email,n/a
Iced Teas Launch // Previous Year Buyers,n/a,all,ICED TEAS you won't stop restocking all summer!🍹🕶️🍊🍑,Iced Teas Product Buyers - 2022,2023-05-16 18:30:00,Tuesday,1132.0,5.0,0.44%,441.53,533.0,47.21%,862.0,43.0,3.81%,49.0,1.0,0.0,0.00%,1129.0,3.0,0.27%,01H0JT228JJ5X9YYB5QANFR7WB,Email,n/a
Iced Teas Launch // NL,n/a,all,ICED TEAS you won't stop restocking all summer!🍹🕶️🍊🍑,Newsletter-Signup,2023-05-16 18:30:00,Tuesday,4286.0,6.0,0.14%,386.79,1915.0,44.72%,2952.0,86.0,2.01%,137.0,9.0,0.0,0.00%,4282.0,4.0,0.09%,01H0JT7S3C3EN52HV4TS76ZX8D,Email,n/a
Iced Teas Second Email // ALL,Creative,all,"Hi {{ first_name|default:'there' }}, We just got way cooler! 🍹🕶️🍊🍑🍋🍏🌺🌱",Master-Shopify,2023-05-18 18:00:00,Thursday,72501.0,22.0,0.03%,1458.14,34754.0,48.10%,49828.0,156.0,0.22%,318.0,104.0,2.0,0.00%,72251.0,250.0,0.34%,01H0QR7EFVG9BB3R7R7E94JV05,Email,Y
Iced Teas Second Email // ALL,Text-Based,all,"Hi {{ first_name|default:'there' }}, We just got way cooler! 🍹🕶️🍊🍑🍋🍏🌺🌱",Master-Shopify,2023-05-18 18:00:00,Thursday,12793.0,3.0,0.02%,95.67,6225.0,48.72%,8915.0,31.0,0.24%,46.0,18.0,0.0,0.00%,12778.0,15.0,0.12%,01H0QR7EFVG9BB3R7R7E94JV05,Email,N
Iced Teas Second Email // Unengaged,Iced Teas Second Email // Unengaged Variation A,180 Unengaged,"Hi {{ first_name|default:'there' }}, We just got way cooler! 🍹🕶️🍊🍑🍋🍏🌺🌱",180 unengaged,2023-05-18 18:00:00,Thursday,58231.0,3.0,0.01%,338.76,3452.0,6.02%,4354.0,78.0,0.14%,185.0,122.0,7.0,0.01%,57370.0,861.0,1.48%,01H0R2E0XNCPEYD49WA4N2Z8S3,Email,Y
Iced Teas Second Email // Unengaged,Iced Teas Second Email // Unengaged Variation B,180 Unengaged,"Hi {{ first_name|default:'there' }}, We just got way cooler! 🍹🕶️🍊🍑🍋🍏🌺🌱",180 unengaged,2023-05-18 18:00:00,Thursday,10351.0,0.0,0.00%,0.0,581.0,5.69%,766.0,15.0,0.15%,16.0,22.0,0.0,0.00%,10214.0,137.0,1.32%,01H0R2E0XNCPEYD49WA4N2Z8S3,Email,N
Iced Teas Second Email // Clickers - NL,Iced Teas Second Email // Clickers - NL Variation A,segmented,"Hi {{ first_name|default:'there' }}, 10% OFF on our ICED teas. JUST FOR YOU!",Iced Teas Launch - Clickers and Non-Buyers (excl NL),2023-05-18 18:00:00,Thursday,529.0,4.0,0.76%,311.47,355.0,67.36%,607.0,42.0,7.97%,113.0,0.0,0.0,0.00%,527.0,2.0,0.38%,01H0R2GPKA3ESY42RSPRT09CZQ,Email,Y
Iced Teas Second Email // Clickers - NL,Iced Teas Second Email // Clickers - NL Variation B,segmented,"Hi {{ first_name|default:'there' }}, 10% OFF on our ICED teas. JUST FOR YOU!",Iced Teas Launch - Clickers and Non-Buyers (excl NL),2023-05-18 18:00:00,Thursday,176.0,0.0,0.00%,0.0,114.0,65.14%,208.0,12.0,6.86%,33.0,0.0,0.0,0.00%,175.0,1.0,0.57%,01H0R2GPKA3ESY42RSPRT09CZQ,Email,N
Iced Teas Second Email // NL,Iced Teas Second Email // NL Variation A,180 Unengaged,"Hi, We just got way cooler! 🍹🕶️🍊🍑🍋🍏🌺🌱",Newsletter-Signup,2023-05-18 18:00:00,Thursday,6061.0,4.0,0.07%,152.62,1707.0,28.44%,2490.0,31.0,0.52%,50.0,9.0,0.0,0.00%,6003.0,58.0,0.96%,01H0R2TXWJ56ZF9CGG82D291ZW,Email,Y
Iced Teas Second Email // NL,Iced Teas Second Email // NL Variation B,180 Unengaged,"Hi, We just got way cooler! 🍹🕶️🍊🍑🍋🍏🌺🌱",Newsletter-Signup,2023-05-18 18:00:00,Thursday,1071.0,0.0,0.00%,0.0,291.0,27.45%,460.0,5.0,0.47%,6.0,0.0,0.0,0.00%,1060.0,11.0,1.03%,01H0R2TXWJ56ZF9CGG82D291ZW,Email,N
Iced Teas Second Email // Clickers (NL),Iced Teas Second Email // Clickers (NL) Variation A,segmented,"Hi, 10% OFF on our ICED teas. JUST FOR YOU!",Iced Teas Launch Clickers and Non-Buyers - nl,2023-05-18 18:00:00,Thursday,20.0,0.0,0.00%,0.0,10.0,50.00%,23.0,3.0,15.00%,7.0,0.0,0.0,0.00%,20.0,0.0,0.00%,01H0R2XVM9VYDMM6Z8BCPMREQ1,Email,N
Iced Teas Second Email // Clickers (NL),Iced Teas Second Email // Clickers (NL) Variation B,segmented,"Hi, 10% OFF on our ICED teas. JUST FOR YOU!",Iced Teas Launch Clickers and Non-Buyers - nl,2023-05-18 18:00:00,Thursday,59.0,1.0,1.70%,6.99,34.0,57.63%,57.0,5.0,8.48%,14.0,0.0,0.0,0.00%,59.0,0.0,0.00%,01H0R2XVM9VYDMM6Z8BCPMREQ1,Email,Y
International Tea Day // ALL,n/a,all,"Hi {{ first_name|default:'there' }}, Sip Happily on International Tea Day 🍵🍃🤩",Master-Shopify,2023-05-21 18:30:00,Sunday,88616.0,36.0,0.04%,1484.39,45570.0,51.49%,64381.0,266.0,0.30%,586.0,157.0,1.0,0.00%,88504.0,112.0,0.13%,01H0YZPNVPG9QS2YDCFTJYB9WX,Email,n/a
International Tea Day // NL,n/a,newsletter,"Hi, Sip Happily on International Tea Day 🍵🍃🤩",Newsletter-Signup,2023-05-21 18:30:00,Sunday,4380.0,3.0,0.07%,109.6,2034.0,46.47%,3056.0,40.0,0.91%,59.0,12.0,0.0,0.00%,4377.0,3.0,0.07%,01H0YZZTGW77Q52C0497VEXQTJ,Email,n/a
International Tea Day // Suppressed,n/a,all,"Hi {{ first_name|default:'there' }}, Sip Happily on International Tea Day 🍵🍃🤩",suppressed to active segment for testing,2023-05-21 18:30:00,Sunday,60563.0,4.0,0.01%,298.23,2107.0,3.51%,2634.0,55.0,0.09%,152.0,108.0,2.0,0.00%,59954.0,609.0,1.01%,01H0Z03ENKGSREQZGXGNC063R3,Email,n/a
Facebook Invite - Resend // ALL,n/a,all,"Hi {{ first_name|default:'' }}, Join our INNER CIRCLE on Facebook!!!",Master-Shopify,2023-05-23 18:30:00,Tuesday,83817.0,9.0,0.01%,560.72,42989.0,51.37%,60726.0,168.0,0.20%,269.0,174.0,10.0,0.01%,83678.0,139.0,0.17%,01H14XMV912PM9EJQ1CE1KYF5V,Email,n/a
Memorial Day Sale // ALL,Creative,all,"Hi {{ first_name|default:'there' }}, Memorial Day Savings are here 🤩",Master-Shopify,2023-05-25 18:00:00,Thursday,72676.0,30.0,0.04%,1640.71,35054.0,48.53%,49493.0,251.0,0.35%,592.0,90.0,3.0,0.00%,72234.0,442.0,0.61%,01H19ESE0WPPCBM06P0X214FHP,Email,Y
Memorial Day Sale // ALL,Text-Based,all,"Hi {{ first_name|default:'there' }}, Memorial Day Savings - UPTO 35% OFF!🤩",Master-Shopify,2023-05-25 18:00:00,Thursday,15587.0,7.0,0.04%,336.18,6967.0,44.94%,9597.0,55.0,0.36%,83.0,23.0,1.0,0.01%,15502.0,85.0,0.55%,01H19ESE0WPPCBM06P0X214FHP,Email,N
Memorial Day Sale // NL,Memorial Day Sale // NL Variation A,newsletter,"Hi there, Memorial Day Savings are here 🤩",Newsletter-Signup,2023-05-25 18:00:00,Thursday,774.0,1.0,0.13%,78.86,351.0,45.41%,516.0,7.0,0.91%,9.0,1.0,0.0,0.00%,773.0,1.0,0.13%,01H19YZTMHMFENG2TZZZ5Q9GPD,Email,N
Memorial Day Sale // NL,Memorial Day Sale // NL Variation B,newsletter,"Hi there, Memorial Day Savings - UPTO 35% OFF!🤩",Newsletter-Signup,2023-05-25 18:00:00,Thursday,3556.0,4.0,0.11%,147.75,1437.0,40.62%,2156.0,41.0,1.16%,66.0,10.0,0.0,0.00%,3538.0,18.0,0.51%,01H19YZTMHMFENG2TZZZ5Q9GPD,Email,Y
Memorial Day Sale // Unengagers,Memorial Day Sale // Unengagers Variation A,,"Hi {{ first_name|default:'there' }}, Memorial Day Savings are here 🤩",US Unsuppressed Profiles,2023-05-25 18:00:00,Thursday,48546.0,0.0,0.00%,0.0,2299.0,4.79%,2836.0,50.0,0.10%,132.0,79.0,14.0,0.03%,47999.0,547.0,1.13%,01H19Z8PS9Q3NCKRG0Y09SPFEE,Email,Y
Memorial Day Sale // Unengagers,Memorial Day Sale // Unengagers Variation B,,"Hi {{ first_name|default:'there' }}, Memorial Day Savings - UPTO 35% OFF!🤩",US Unsuppressed Profiles,2023-05-25 18:00:00,Thursday,10943.0,1.0,0.01%,49.27,676.0,6.24%,823.0,17.0,0.16%,27.0,27.0,3.0,0.03%,10832.0,111.0,1.01%,01H19Z8PS9Q3NCKRG0Y09SPFEE,Email,N
Memorial Day Sale - 2nd Email // ALL,n/a,all,Last 3 days for UPTO 35% OFF - Memorial Day Sale,Master-Shopify,2023-05-27 18:30:00,Saturday,94765.0,38.0,0.04%,1996.14,46838.0,49.72%,66435.0,365.0,0.39%,797.0,119.0,1.0,0.00%,94202.0,563.0,0.59%,01H1ESF3N5XNYBEJMG2H5J3R3C,Email,n/a
Second Flush Sale // SE Segment,n/a,all,"Hi {{ first_name|default:'' }}, UPTO 50% OFF On Second Flush Teas ☕","First Flush - Loyalist [~Purchased in last 90 Days], Interest in SE - 2022, Past Interest in Single Estate, black tea segment - S_E_ and F_F_",2023-05-28 18:30:00,Sunday,6863.0,19.0,0.28%,1257.81,3284.0,48.12%,5009.0,174.0,2.55%,612.0,10.0,1.0,0.01%,6824.0,39.0,0.57%,01H176PNJ723KNTK4MJ9V60PX6,Email,n/a
Segmented Email // Herbal Teas,Tasting Notes,all,"Hi {{ first_name|default:'' }}, Pick your pick for the perfect Wellness Routine!😍",Interest in Herbal Teas - Last 365 Days,2023-05-28 18:30:00,Sunday,3050.0,3.0,0.10%,119.31,1370.0,45.39%,1970.0,7.0,0.23%,10.0,5.0,0.0,0.00%,3018.0,32.0,1.05%,01H1HCZ9936VMWCD8NF56Q6SHK,Email,N
Segmented Email // Herbal Teas,Benefits,all,"Hi {{ first_name|default:'' }}, Pick your pick for the perfect Wellness Routine!😍",Interest in Herbal Teas - Last 365 Days,2023-05-28 18:30:00,Sunday,3047.0,0.0,0.00%,0.0,1363.0,45.04%,1900.0,13.0,0.43%,18.0,8.0,0.0,0.00%,3026.0,21.0,0.69%,01H1HCZ9936VMWCD8NF56Q6SHK,Email,Y
Segmented Email // Chai Teas,Segmented Email // Chai Teas Variation A,all,"Hi {{ first_name|default:'' }}, Pick your pick for the perfect Wellness Routine!😍",Interest in Chai Teas,2023-05-28 18:30:00,Sunday,3571.0,2.0,0.06%,132.69,1659.0,46.60%,2380.0,20.0,0.56%,24.0,11.0,1.0,0.03%,3560.0,11.0,0.31%,01H1HE1CQG7FF03BHJDV86N38R,Email,Y
Segmented Email // Chai Teas,Segmented Email // Chai Teas Variation B,all,"Hi {{ first_name|default:'' }}, Pick your pick for the perfect Wellness Routine!😍",Interest in Chai Teas,2023-05-28 18:30:00,Sunday,3575.0,1.0,0.03%,21.18,1676.0,47.12%,2478.0,13.0,0.36%,16.0,7.0,0.0,0.00%,3557.0,18.0,0.50%,01H1HE1CQG7FF03BHJDV86N38R,Email,N
Segmented Email // Black Teas,Segmented Email // Black Teas Variation A,all,"Hi {{ first_name|default:'' }}, Pick your pick for the perfect Wellness Routine!😍",Interest in Black Teas - 2022,2023-05-28 18:30:00,Sunday,1502.0,1.0,0.07%,58.35,680.0,45.45%,998.0,4.0,0.27%,5.0,2.0,0.0,0.00%,1496.0,6.0,0.40%,01H1HKYEVECH106NKF2EYJ41RB,Email,N
Segmented Email // Black Teas,Segmented Email // Black Teas Variation B,all,"Hi {{ first_name|default:'' }}, Pick your pick for the perfect Wellness Routine!😍",Interest in Black Teas - 2022,2023-05-28 18:30:00,Sunday,1501.0,0.0,0.00%,0.0,663.0,44.56%,972.0,5.0,0.34%,9.0,4.0,2.0,0.13%,1488.0,13.0,0.87%,01H1HKYEVECH106NKF2EYJ41RB,Email,Y
Memorial Day Sale Last Call // ALL,n/a,all,"Hi {{ first_name|default:'there' }}, what's in your memorial day bucket list?  🇺🇸😀",Master-Shopify,2023-05-29 18:30:00,Monday,89739.0,26.0,0.03%,1313.92,44708.0,50.13%,63298.0,216.0,0.24%,651.0,183.0,5.0,0.01%,89189.0,550.0,0.61%,01H1KY2VS8RFHXE6VPHXW7B9ZX,Email,n/a
Memorial Day Sale Last Call // NL,n/a,newsletter,"Hi there, what's in your memorial day bucket list?  🇺🇸😀",Newsletter-Signup,2023-05-29 18:30:00,Monday,4423.0,2.0,0.04%,133.74,1978.0,44.92%,2971.0,21.0,0.48%,40.0,4.0,0.0,0.00%,4403.0,20.0,0.45%,01H1KYA8YSPMN30FKKRH5PYN89,Email,n/a
Segmented Email // Green Teas,Tasting Notes,green teas,"Hi {{ first_name|default:'' }}, Pick your pick for the perfect Wellness Routine!😍",Interest in Green Teas - 2022,2023-05-31 18:30:00,Wednesday,3181.0,5.0,0.16%,177.3,1713.0,53.92%,2465.0,6.0,0.19%,9.0,7.0,0.0,0.00%,3177.0,4.0,0.13%,01H1SDHKAJ5JHMAW5HJQ5JCC3T,Email,N
Segmented Email // Green Teas,Benefits,green teas,"Hi {{ first_name|default:'' }}, Pick your pick for the perfect Wellness Routine!😍",Interest in Green Teas - 2022,2023-05-31 18:30:00,Wednesday,3177.0,4.0,0.13%,238.21,1755.0,55.28%,2606.0,9.0,0.28%,19.0,8.0,0.0,0.00%,3175.0,2.0,0.06%,01H1SDHKAJ5JHMAW5HJQ5JCC3T,Email,Y
Segmented Email // Turmeric Lattes,Tasting Notes,turmeric latte,"Hi {{ first_name|default:'' }}, Pick your pick for the perfect Wellness Routine!😍",Interest in Turmeric Lattes,2023-05-31 18:30:00,Wednesday,4850.0,6.0,0.12%,307.93,2538.0,52.37%,3674.0,21.0,0.43%,25.0,5.0,1.0,0.02%,4846.0,4.0,0.08%,01H1SE1YW123VBYQE7Y2RTCBJH,Email,N
Segmented Email // Turmeric Lattes,Segmented Email // Turmeric Lattes Variation B,turmeric latte,"Hi {{ first_name|default:'' }}, Pick your pick for the perfect Wellness Routine!😍",Interest in Turmeric Lattes,2023-05-31 18:30:00,Wednesday,4853.0,4.0,0.08%,244.72,2654.0,54.76%,4008.0,25.0,0.52%,43.0,5.0,2.0,0.04%,4847.0,6.0,0.12%,01H1SE1YW123VBYQE7Y2RTCBJH,Email,Y
Vikas Khanna Signed Boxes,n/a,turmeric latte,"Hi {{ first_name|default:'' }}, Get ASSURED Vikas Khanna Signed Spices Assortment Box!",Kitchen Essentials Box Buyers - Last 60 Days (minus last 30 days),2023-05-31 18:30:00,Wednesday,27.0,0.0,0.00%,0.0,10.0,37.04%,17.0,0.0,0.00%,0.0,0.0,0.0,0.00%,27.0,0.0,0.00%,01H1SERRXESKW7Z5KXWF085K33,Email,n/a
Advent Calendar VOC - Resend,n/a,,Chance to win Gift Voucher worth $25!🤩,Advent Buyers - 2022 BFCM - VOC,2023-05-31 18:30:00,Wednesday,4904.0,1.0,0.02%,113.21,2315.0,47.27%,3411.0,13.0,0.27%,14.0,12.0,2.0,0.04%,4897.0,7.0,0.14%,01H1SFMTS9BX0ZPHPS4F0BJ2CP,Email,n/a
Father's Day Sale Launch // ALL,n/a,all,"Hi {{ first_name|default:'there' }}, Father's Day Exclusive Sale: 30% OFF 🤩❤️",Master-Shopify,2023-06-02 18:30:00,Friday,89372.0,41.0,0.05%,2092.69,45832.0,51.38%,65293.0,324.0,0.36%,788.0,163.0,7.0,0.01%,89201.0,171.0,0.19%,01H1Y3S7WBTPH55DNQJCP8M7M6,Email,n/a
Father's Day Sale Launch // NL,n/a,newsletter,"Hi there, Father's Day Exclusive Sale: 30% OFF 🤩❤️",Newsletter-Signup,2023-06-02 18:30:00,Friday,4437.0,4.0,0.09%,87.53,2061.0,46.54%,3005.0,34.0,0.77%,56.0,6.0,0.0,0.00%,4428.0,9.0,0.20%,01H1Y565MAKN16DP0PQ6K229XN,Email,n/a
World Environment Day // ALL,n/a,all,Make a conscious choice this World Environment Day🌱,Master-Shopify,2023-06-05 18:30:00,Monday,88556.0,23.0,0.03%,1247.14,45885.0,51.89%,64984.0,154.0,0.17%,562.0,155.0,14.0,0.02%,88434.0,122.0,0.14%,01H25D8WB72AZBMHNJQJVWAYHZ,Email,n/a
World Environment Day // NL,n/a,newsletter,"Hi there, Join Us in Making a Difference!🌱",Newsletter-Signup,2023-06-05 18:30:00,Monday,4417.0,1.0,0.02%,54.49,2083.0,47.21%,3040.0,14.0,0.32%,25.0,8.0,1.0,0.02%,4412.0,5.0,0.11%,01H25DF9FH861TMTF5SMT5Q0AA,Email,n/a
Vikas Khanna Signed Boxes - Interest,n/a,turmeric latte,"Hi {{ first_name|default:'' }}, Get ASSURED Vikas Khanna Signed Spices Assortment Box!",Interest in Kitchen Essentials Box Buyers - Last 30 Days,2023-06-05 18:30:00,Monday,155.0,0.0,0.00%,0.0,87.0,56.13%,137.0,7.0,4.52%,18.0,0.0,0.0,0.00%,155.0,0.0,0.00%,01H25HH8TXR5CFRY2TRJXP08XT,Email,n/a
First Flush 2023 - New Teas // ALL,n/a,all,"Hi {{ first_name|default:'' }}, taste the best of Darjeeling 🏔️🍃",Master-Shopify,2023-06-08 18:30:00,Thursday,88441.0,25.0,0.03%,1930.57,45276.0,51.28%,63595.0,253.0,0.29%,962.0,125.0,12.0,0.01%,88286.0,155.0,0.18%,01H2DNEMXD0GKW4S0VTRSJXBN2,Email,n/a
First Flush 2023 - New Teas // NL,n/a,newsletter,"Hi there, taste the best of Darjeeling 🏔️🍃",Newsletter-Signup,2023-06-08 18:30:00,Thursday,4407.0,3.0,0.07%,345.21,1979.0,44.95%,2912.0,30.0,0.68%,79.0,7.0,0.0,0.00%,4403.0,4.0,0.09%,01H2DQV1N3ZPF9J0RTW58J2Y9E,Email,n/a
Spices Buyers VOC - Resend - June,n/a,,"Hi {{ first_name|default:'' }}, Chance to win Gift Voucher worth $25!","Kitchen Essentials Box Buyers, Spices Caddy Buyers",2023-06-09 18:30:00,Friday,184.0,0.0,0.00%,0.0,95.0,51.91%,319.0,3.0,1.64%,8.0,0.0,0.0,0.00%,183.0,1.0,0.54%,01H2FCRKMXTMW6R708G7GV6K0R,Email,n/a
National Iced Tea Day // ALL,n/a,all,"Hi {{ first_name|default:'' }}, here's our most loved summer flavor🍑😍",Master-Shopify,2023-06-10 18:30:00,Saturday,88078.0,36.0,0.04%,2255.36,47083.0,53.52%,66761.0,309.0,0.35%,624.0,115.0,11.0,0.01%,87981.0,97.0,0.11%,01H2FZXJ4DXBYYGZXC3TX744B2,Email,n/a
National Iced Tea Day // NL,n/a,newsletter,"Hi there, here's our most loved summer flavor🍑😍",Newsletter-Signup,2023-06-10 18:30:00,Saturday,4390.0,5.0,0.11%,392.74,2105.0,47.97%,3081.0,34.0,0.78%,49.0,6.0,1.0,0.02%,4388.0,2.0,0.05%,01H2G36TN4C7VSTBP4HRW5RK2T,Email,n/a
Father's Day Last Call // ALL,n/a,all,Father's Day Sale: LAST CHANCE at 30% OFF⚡😱,Master-Shopify,2023-06-12 18:30:00,Monday,92188.0,36.0,0.04%,2239.9,47773.0,51.92%,67767.0,302.0,0.33%,637.0,119.0,22.0,0.02%,92019.0,169.0,0.18%,01H2Q5VXQHTWX9DT0XAEZBHPZ2,Email,n/a
VOC segment - Owned Media - Before 270 Days,n/a,,Get an assured $35 gift card!,VOC - 270 to 635 days Buyers atleast once,2023-06-14 18:30:00,Wednesday,339.0,0.0,0.00%,0.0,35.0,10.39%,49.0,0.0,0.00%,0.0,1.0,0.0,0.00%,337.0,2.0,0.59%,01H2X63Y1N62N7JAFNAWH7FYHE,Email,n/a
VOC segment - Owned Media - Clickers & NB,n/a,,Get an assured $35 gift card!,"Father's Day Last Call - Clickers and NB, Father's Day Launch Email - Clickers and NB, First Flush 2023 June Campaign - Clickers and NB, National Iced Tea Day - Clickers and NB, World Environment Day Email - Clickers and NB",2023-06-14 18:30:00,Wednesday,983.0,2.0,0.20%,197.78,632.0,64.49%,1132.0,91.0,9.29%,193.0,0.0,1.0,0.10%,980.0,3.0,0.30%,01H2XDCQF3KBEY0HAST1ABY9VC,Email,n/a
Segmented Email - June // Turmeric Lattes,n/a,segmented,"Hi {{ first_name|default:'' }}, Don't miss these deals on your favs!😍",Interest in Turmeric Lattes,2023-06-14 18:30:00,Wednesday,6269.0,2.0,0.03%,50.92,3405.0,54.42%,4839.0,14.0,0.22%,21.0,9.0,3.0,0.05%,6257.0,12.0,0.19%,01H2XDJ0J18PD2P2JHEXN106KK,Email,n/a
Segmented Email - June // Green Teas,n/a,segmented,"Hi {{ first_name|default:'' }}, Don't miss these deals on your favs!😍",Interest in Green Teas - 2022,2023-06-14 18:30:00,Wednesday,6089.0,5.0,0.08%,364.16,3039.0,49.98%,4412.0,29.0,0.48%,36.0,12.0,1.0,0.02%,6081.0,8.0,0.13%,01H2XFDWRVY8AR8FQJYPX3B1G3,Email,n/a
Segmented Email - June // Single Estate,n/a,segmented,"Hi {{ first_name|default:'' }}, Don't miss these deals on your favs!😍","First Flush - Loyalist [~Purchased in last 90 Days], Interest in SE - 2022, Past Interest in Single Estate, black tea segment - S_E_ and F_F_",2023-06-14 18:30:00,Wednesday,5616.0,12.0,0.21%,594.8,2944.0,52.46%,4479.0,85.0,1.52%,160.0,9.0,1.0,0.02%,5612.0,4.0,0.07%,01H2XH6WHX020SCG28S6ZTQN7K,Email,n/a
AOV Booster // ALL,n/a,all,"Hi {{ first_name|default:'' }}, it's a 'DEAL' icious WEEK 🤩",Master-Shopify,2023-06-14 18:30:00,Wednesday,69393.0,13.0,0.02%,707.28,37055.0,53.49%,52244.0,77.0,0.11%,140.0,115.0,11.0,0.02%,69269.0,124.0,0.18%,01H2XHFKWZAMYD8ZETDC2VRDJW,Email,n/a
AOV Booster // NL,n/a,all,"Hi there, it's a 'DEAL' icious WEEK 🤩",Newsletter-Signup,2023-06-14 18:30:00,Wednesday,4336.0,3.0,0.07%,212.99,2058.0,47.51%,3013.0,22.0,0.51%,27.0,5.0,0.0,0.00%,4332.0,4.0,0.09%,01H2XHT5VQJTG671FF9WJK3P0N,Email,n/a
Ellen Announcement // ALL,Ellen Announcement // ALL Variation A,all,BE KIND By Ellen Box has WHAT this year?,Master-Shopify,2023-06-17 18:00:00,Saturday,11457.0,3.0,0.03%,156.03,5943.0,51.96%,8387.0,49.0,0.43%,103.0,9.0,1.0,0.01%,11437.0,20.0,0.18%,01H35F1AE9FBNR9BWY85EHNYX7,Email,N
Ellen Announcement // ALL,Ellen Announcement // ALL Variation B,all,BE KIND by Ellen DeGeneres X VAHDAM® India!,Master-Shopify,2023-06-17 18:00:00,Saturday,80235.0,38.0,0.05%,1493.62,43114.0,53.80%,61455.0,332.0,0.41%,687.0,125.0,8.0,0.01%,80140.0,95.0,0.12%,01H35F1AE9FBNR9BWY85EHNYX7,Email,Y
Monday Blues // ALL,n/a,all,Beat Monday Blues with our Bestseller Teas🍵,Last 12 months buyers,2023-06-19 18:30:00,Monday,16634.0,18.0,0.11%,874.32,8423.0,50.70%,12222.0,84.0,0.51%,98.0,29.0,2.0,0.01%,16612.0,22.0,0.13%,01H39W37N7GPK43TE1XMNW005M,Email,n/a
VOC segment - Owned Media - Segment 2,n/a,,Get an assured $40 gift card!,Owned Media VOC - Segment 2,2023-06-20 18:30:00,Tuesday,744.0,0.0,0.00%,0.0,615.0,82.66%,1044.0,3.0,0.40%,3.0,1.0,0.0,0.00%,744.0,0.0,0.00%,01H3D51DDE3P13KARPJSNZ71D7,Email,n/a
Yoga Day 2023 // ALL,n/a,all,Yoga your way to perfect mind and body balance 🧘🍵,Master-Shopify,2023-06-21 18:00:00,Wednesday,89278.0,12.0,0.01%,653.43,46350.0,52.01%,65523.0,197.0,0.22%,497.0,119.0,9.0,0.01%,89112.0,166.0,0.19%,01H3FMH7BNKVVRQ3SBVAETVX9R,Email,n/a
Yoga Day 2023 // Last 15 day buyers,n/a,all,Yoga your way to perfect mind and body balance 🧘🍵,Last 15 Day Buyers,2023-06-21 18:00:00,Wednesday,517.0,4.0,0.78%,200.72,236.0,45.74%,349.0,2.0,0.39%,2.0,9.0,0.0,0.00%,516.0,1.0,0.19%,01H3FRSZ9QPZE3R959PBGAXS8P,Email,n/a
FAQs Email // ALL,FAQs Email // ALL Variation A,all,"Hi {{ first_name|default:'' }}, Wondering about how we do what we do?",Master-Shopify,2023-06-23 18:00:00,Friday,8702.0,4.0,0.05%,200.97,4716.0,54.29%,6745.0,19.0,0.22%,54.0,23.0,1.0,0.01%,8687.0,15.0,0.17%,01H3KHYBCMJ34A0BBGEG5ETH53,Email,N
FAQs Email // ALL,FAQs Email // ALL Variation B,all,All the answers you’ve been looking for,Master-Shopify,2023-06-23 18:00:00,Friday,78292.0,17.0,0.02%,637.59,42071.0,53.84%,59490.0,161.0,0.21%,736.0,97.0,12.0,0.01%,78145.0,147.0,0.19%,01H3KHYBCMJ34A0BBGEG5ETH53,Email,Y
FAQs Email // NL,FAQs Email // NL Variation A,newsletter,"Hi there, Wondering about how we do what we do?",Newsletter-Signup,2023-06-23 18:00:00,Friday,3051.0,3.0,0.10%,69.81,1501.0,49.29%,2190.0,17.0,0.56%,32.0,4.0,0.0,0.00%,3045.0,6.0,0.20%,01H3MRVGC6RRNT4Q1KVT54CXXW,Email,Y
FAQs Email // NL,FAQs Email // NL Variation B,newsletter,All the answers you’ve been looking for,Newsletter-Signup,2023-06-23 18:00:00,Friday,1310.0,1.0,0.08%,24.58,616.0,47.06%,928.0,5.0,0.38%,7.0,2.0,0.0,0.00%,1309.0,1.0,0.08%,01H3MRVGC6RRNT4Q1KVT54CXXW,Email,N
Iced Teas Comparison // ALL,n/a,all,"Soda?🥤 Nah, Meet the Coolest Tea!🧊🍹",Master-Shopify,2023-06-25 18:30:00,Sunday,90723.0,26.0,0.03%,1502.37,47386.0,52.33%,67128.0,271.0,0.30%,656.0,125.0,10.0,0.01%,90558.0,165.0,0.18%,01H3RXRVG5ZRRBRMRDWJ4ACZ4F,Email,n/a
Iced Tea Discount Off // Clickers & NB,n/a,,EXTRA 10% OFF on our Iced Teas!🧊🍹,National Iced Tea Day - Clickers and NB,2023-06-25 18:30:00,Sunday,300.0,2.0,0.67%,91.74,187.0,62.54%,281.0,34.0,11.37%,66.0,0.0,0.0,0.00%,299.0,1.0,0.33%,01H3RYCDXCZ0W5N70YKMRWH6CC,Email,n/a
Drinkware FLAT 50% OFF // ALL,n/a,all,FLAT 50% OFF on our Bestselling Accessories!😱,Master-Shopify,2023-06-27 18:30:00,Tuesday,91357.0,43.0,0.05%,2757.15,48392.0,53.09%,69061.0,491.0,0.54%,897.0,109.0,6.0,0.01%,91147.0,210.0,0.23%,01H3YM43MEJQJR3H6VVYVS7ZVG,Email,n/a
Independence Day Sale Launch // ALL,n/a,all,Independence Day Sale is LIVE 😍 - Get UPTO 30% OFF 😱,Master-Shopify,2023-06-29 18:30:00,Thursday,91157.0,45.0,0.05%,2340.58,48145.0,52.94%,68815.0,375.0,0.41%,906.0,130.0,9.0,0.01%,90950.0,207.0,0.23%,01H43DA50B7NR4FX3Y3T8E5AW0,Email,n/a
Independence Day Sale - 2 // ALL,n/a,all,Role of Tea in American Independence,Master-Shopify,2023-07-02 18:30:00,Sunday,90926.0,40.0,0.04%,2237.66,51933.0,57.38%,74522.0,524.0,0.58%,1257.0,213.0,25.0,0.03%,90501.0,425.0,0.47%,01H45QMN9SPEHES6S9X5HPMJZQ,Email,n/a
Independence Day Sale - Last Call // ALL,n/a,all,UPTO 30% OFF + EXTRA 10% OFF,Master-Shopify,2023-07-04 18:30:00,Tuesday,90609.0,35.0,0.04%,2119.71,43400.0,48.02%,61162.0,418.0,0.46%,877.0,103.0,20.0,0.02%,90372.0,237.0,0.26%,01H4H0ZMMFJ3783SYGR99VQSVQ,Email,n/a
Good Day to Good Night - July // ALL,Extra Strips,all,"Pick Your Pleasing Cup o'Tea, Day or Night!",Master-Shopify,2023-07-06 18:30:00,Thursday,11271.0,1.0,0.01%,46.18,6252.0,55.56%,8980.0,40.0,0.36%,74.0,22.0,2.0,0.02%,11252.0,19.0,0.17%,01H4NQTT7NWWG5VAT4T44PNQSB,Email,N
Good Day to Good Night - July // ALL,No,all,"Pick Your Pleasing Cup o'Tea, Day or Night!",Master-Shopify,2023-07-06 18:30:00,Thursday,78941.0,24.0,0.03%,1205.26,43896.0,55.72%,63011.0,277.0,0.35%,567.0,132.0,28.0,0.04%,78777.0,164.0,0.21%,01H4NQTT7NWWG5VAT4T44PNQSB,Email,Y
Wellness Digest // ALL,n/a,all,Exclusives call for a wellness haul 🤗,Master-Shopify,2023-07-08 18:30:00,Saturday,90039.0,25.0,0.03%,1515.89,49807.0,55.42%,71299.0,333.0,0.37%,742.0,164.0,32.0,0.04%,89874.0,165.0,0.18%,01H4VB945VZZ3DYXS9RV30ZGQ0,Email,n/a
Customer Email // ALL,n/a,all,Our hearts melted when we read this from YOU ♥️,Master-Shopify,2023-07-10 18:30:00,Monday,69784.0,8.0,0.01%,406.21,40205.0,57.73%,59574.0,186.0,0.27%,348.0,216.0,9.0,0.01%,69649.0,135.0,0.19%,01H4ZESV7HEDHYK18SFT1D63DB,Email,n/a
Segmented Email  // Turmeric Latte,n/a,turmeric latte,Reset and Save: Week's Hottest Deals Await!,Interest in Turmeric Lattes,2023-07-10 18:30:00,Monday,6439.0,5.0,0.08%,140.98,3597.0,55.95%,5142.0,27.0,0.42%,33.0,7.0,1.0,0.02%,6429.0,10.0,0.15%,01H50DSBZ2KZ37C5HEX70N1B3M,Email,n/a
Segmented Email  // Black Teas,n/a,black teas,Reset and Save: Week's Hottest Deals Await!,Interest in Black Teas - 2022,2023-07-10 18:30:00,Monday,1977.0,2.0,0.10%,213.49,956.0,48.36%,1385.0,25.0,1.26%,38.0,3.0,0.0,0.00%,1977.0,0.0,0.00%,01H50EN9BSPYAWWCQ6GKF8M7T3,Email,n/a
Segmented Email  // Green Teas,n/a,green teas,Reset and Save: Week's Hottest Deals Await!,Interest in Green Teas - 2022,2023-07-10 18:30:00,Monday,6672.0,3.0,0.04%,217.44,3368.0,50.56%,4844.0,45.0,0.68%,69.0,11.0,3.0,0.04%,6661.0,11.0,0.17%,01H50ESH4G81FZ0E712TG59ABX,Email,n/a
Segmented Email  // SE,n/a,single estate,Reset and Save: Week's Hottest Deals Await!,"First Flush - Loyalist [~Purchased in last 90 Days], Past Interest in Single Estate, black tea segment - S_E_ and F_F_",2023-07-10 18:30:00,Monday,5014.0,13.0,0.26%,503.44,2657.0,53.11%,4042.0,83.0,1.66%,454.0,9.0,2.0,0.04%,5003.0,11.0,0.22%,01H50EX2NT6J2AYZBTBTXZG2S0,Email,n/a
Prime Day Sale // ALL,n/a,all,Biggest Sale of the Season⚡⚡ – don't miss it!,Master-Shopify,2023-07-12 18:30:00,Wednesday,89773.0,38.0,0.04%,2525.42,48955.0,54.61%,70969.0,543.0,0.61%,1022.0,155.0,13.0,0.01%,89638.0,135.0,0.15%,01H54P7TVBQ1S3WQ8XZBCKMSTH,Email,n/a
Allergy Email // ALL,n/a,all,Blend in and Blossom: Sip Through Seasonal Changes!,Master-Shopify,2023-07-15 18:30:00,Saturday,89627.0,26.0,0.03%,1395.06,49089.0,54.85%,69874.0,216.0,0.24%,566.0,130.0,20.0,0.02%,89495.0,132.0,0.15%,01H5D591QFQZ4NQ4KFSSSA7EGX,Email,n/a
Zodiac Collection // ALL,n/a,all,Astrological Brew-mance: Your Zodiac Tea Recommendations!,Master-Shopify,2023-07-17 18:30:00,Monday,89469.0,19.0,0.02%,939.03,47625.0,53.31%,67791.0,295.0,0.33%,675.0,140.0,13.0,0.01%,89340.0,129.0,0.14%,01H5JB7022T39G4FPZC4B73CBG,Email,n/a
Iced Teas 123 // Last 3 months openers,n/a,segmented,"Ready, Set, Sip! Your Iced Tea 1-2-3 Guide",Openers - Last 3 Months - Atleast 7,2023-07-19 18:30:00,Wednesday,58974.0,12.0,0.02%,544.35,43584.0,74.00%,62852.0,186.0,0.32%,583.0,94.0,11.0,0.02%,58893.0,81.0,0.14%,01H5M6XRWECF2SRM5KAAS85XSC,Email,n/a
Free Shipping Offer // ALL,n/a,all,🌊 Sail into Savings with 'FREE-shipping'!!,Master-Shopify,2023-07-21 18:30:00,Friday,86031.0,33.0,0.04%,1760.99,45242.0,52.69%,64322.0,238.0,0.28%,677.0,99.0,15.0,0.02%,85863.0,168.0,0.19%,01H5WN6B45TM245G30MW4A0MB3,Email,n/a
Parent's Day // ALL minus Segmented,n/a,all,Celebrate Parent's day with EXTRA 10% discount on existing deals!😱,Master-Shopify,2023-07-23 18:30:00,Sunday,68816.0,12.0,0.02%,494.72,38497.0,56.04%,56302.0,115.0,0.17%,246.0,171.0,10.0,0.01%,68694.0,122.0,0.18%,01H61C1XA7KD25EC70C28TZGCZ,Email,n/a
Customer Email // Segmented,n/a,segmented,Our hearts melted when we read this from YOU ♥️,"Interest in Black Teas - 2022, Interest in Green Teas - 2022, Interest in Turmeric Lattes",2023-07-23 18:30:00,Sunday,14920.0,16.0,0.11%,737.2,7193.0,48.26%,10764.0,72.0,0.48%,96.0,34.0,3.0,0.02%,14904.0,16.0,0.11%,01H61CYCDTMC27PAQPWQJ349RD,Email,n/a
First Flush 2023 Sale // Segmented,n/a,single estate,"Sip More, Save More on First Flush 2023!","First Flush - Loyalist [~Purchased in last 90 Days], Past Interest in Single Estate, black tea segment - S_E_ and F_F_",2023-07-23 18:30:00,Sunday,4885.0,6.0,0.12%,380.62,2532.0,51.90%,3819.0,74.0,1.52%,353.0,6.0,0.0,0.00%,4879.0,6.0,0.12%,01H61DPK7WN623NHKXMYAGPVKZ,Email,n/a
Accessories flat 50% sale,n/a,,"""HALF THE PRICE"" SALE IS BACK! 😱",Master-Shopify,2023-07-26 18:30:00,Wednesday,88548.0,28.0,0.03%,1619.77,47176.0,53.39%,67325.0,515.0,0.58%,1165.0,122.0,17.0,0.02%,88355.0,193.0,0.22%,01H674GQXVE06QPRTJC5AM7087,Email,n/a
Second Flush Launch // ALL,n/a,,Our Second Flush '23 Collection is LIVE!!!,Master-Shopify,2023-07-28 18:30:00,Friday,88376.0,31.0,0.03%,2269.22,46848.0,53.10%,66555.0,314.0,0.36%,1078.0,99.0,14.0,0.02%,88227.0,149.0,0.17%,01H6ERDB3QJKDEHSJ0D1FRXYCJ,Email,n/a
Friendship Day // ALL,n/a,,"""Friendship Day"" wishes from VAHDAM® India!!",Master-Shopify,2023-07-30 18:30:00,Sunday,88233.0,18.0,0.02%,1117.63,45719.0,52.02%,64682.0,177.0,0.20%,1150.0,131.0,16.0,0.02%,87885.0,348.0,0.39%,01H6JFMGNWAQEF255SWTPDCA65,Email,n/a
CX VOC Email / June Buyers,n/a,segmented,Get 15% OFF your next purchase with us!😉,June Buyers,2023-07-31 18:30:00,Monday,1011.0,7.0,0.69%,441.49,509.0,50.35%,854.0,31.0,3.07%,45.0,0.0,0.0,0.00%,1011.0,0.0,0.00%,01H5PYWP92MXSPYT37Z92FS0FF,Email,n/a
Barbenheimer Email 1 // ALL,n/a,,🌈Barbie meets Oppenheimer: TEA-nomenal Fusion!,Master-Shopify,2023-08-01 18:30:00,Tuesday,88081.0,24.0,0.03%,1371.28,45552.0,51.83%,65072.0,263.0,0.30%,662.0,109.0,17.0,0.02%,87887.0,194.0,0.22%,01H6RXJWJCSG6HZT3B6QXZDY9T,Email,n/a
Barbenheimer Email 2 // ALL,n/a,,"Here's our Special ""Barbenheimer"" Recipe!",Master-Shopify,2023-08-03 18:30:00,Thursday,87964.0,26.0,0.03%,1473.68,46725.0,53.25%,66596.0,203.0,0.23%,454.0,80.0,15.0,0.02%,87741.0,223.0,0.25%,01H6XP4BNQZ5ATC5KKE6GK00S4,Email,n/a
Ingredient-Based // ALL,n/a,,Steep Into Good Health: Nourish Your Body with Our Tea Superfoods,Master-Shopify,2023-08-05 18:30:00,Saturday,87887.0,33.0,0.04%,1646.98,47325.0,53.94%,67715.0,222.0,0.25%,561.0,80.0,15.0,0.02%,87735.0,152.0,0.17%,01H72JRMGPNS0K0013SH2KSPM3,Email,n/a
AMP Verification,n/a,,Offers you don't want to miss!,"Email Providers - AMP Verification, Sankalp - Test",2023-08-08 10:18:55,Tuesday,4.0,0.0,0.00%,0.0,1.0,25.00%,1.0,0.0,0.00%,0.0,0.0,0.0,0.00%,4.0,0.0,0.00%,01H6B7GE96R2CS2JHK0XSN8CXT,Email,n/a
Second Flush- Remaining Teas // ALL,n/a,,Taste the Finest Second Flush 🏔️🍵,Master-Shopify,2023-08-08 18:30:00,Tuesday,87838.0,37.0,0.04%,1934.03,48527.0,55.34%,68977.0,299.0,0.34%,709.0,140.0,29.0,0.03%,87694.0,144.0,0.16%,01H7AE6FYHYB2ESFPADQNRBQ0M,Email,n/a
Compare & Contrast // ALL,n/a,,Why are VAHDAM® Teas better than any other brand🍵,Master-Shopify,2023-08-10 18:30:00,Thursday,87660.0,38.0,0.04%,2069.14,46424.0,53.06%,65236.0,250.0,0.29%,659.0,102.0,33.0,0.04%,87491.0,169.0,0.19%,01H7FNGQTJ5H4CW6P0ZSRXCN7G,Email,n/a
National Relaxation Day // ALL,n/a,,"""National Lazy Day"" was on August 10th😴",Master-Shopify,2023-08-12 18:30:00,Saturday,87501.0,25.0,0.03%,1447.94,47852.0,54.78%,67706.0,209.0,0.24%,585.0,101.0,11.0,0.01%,87350.0,151.0,0.17%,01H7JR4GSCR3W8SQVK46T8D92A,Email,n/a
Indian Independence Day // ALL,n/a,,Home to the World's Finest Teas🍃🇮🇳,Master-Shopify,2023-08-15 18:30:00,Tuesday,87467.0,31.0,0.04%,1383.71,44785.0,51.36%,62976.0,241.0,0.28%,557.0,92.0,11.0,0.01%,87201.0,266.0,0.30%,01H7WPJBVQF4Y9DTK1FP2Y0C6P,Email,n/a
Iced Teas Clearance Sale // ALL,n/a,,FLAT 30% OFF on our Iced Teas🍹,Master-Shopify,2023-08-17 18:30:00,Thursday,87392.0,23.0,0.03%,1271.59,44538.0,51.10%,63052.0,275.0,0.32%,573.0,89.0,11.0,0.01%,87166.0,226.0,0.26%,01H81Z2KZQFYKXRZ6HXVJ4CDM7,Email,n/a
AOV + Free Drinkware // ALL,n/a,all,"Hi {{ first_name|default:'there' }}, Claim Your Free Drinkware Today! 🚨",Master-Shopify,2023-08-19 19:00:00,Saturday,87248.0,31.0,0.04%,2170.44,42812.0,49.15%,60762.0,371.0,0.43%,758.0,111.0,13.0,0.01%,87099.0,149.0,0.17%,01H87J17498K1XX0RXK2F87AFZ,Email,n/a
World Senior Citizen Day // ALL,n/a,all,Aging Gracefully:  Join Us in Celebrating World Senior Citizen Day!,Master-Shopify,2023-08-21 18:30:00,Monday,87133.0,25.0,0.03%,1403.53,45275.0,52.05%,64146.0,192.0,0.22%,623.0,105.0,17.0,0.02%,86989.0,144.0,0.17%,01H8BG6805RZMMAB7RS06VD12Y,Email,n/a
Medicine vs Ingredients // ALL,n/a,all,"Opt for Ayurvedic Ingredients, Not OTC Meds",Master-Shopify,2023-08-23 18:30:00,Wednesday,87044.0,23.0,0.03%,1336.42,43738.0,50.32%,62139.0,206.0,0.24%,842.0,68.0,13.0,0.01%,86917.0,127.0,0.15%,01H8H7X9A84Y1EQ6J5569Y3J1Y,Email,n/a
Early Fall Sale // ALL,n/a,all,Embrace the Cozy Season with Our Early Fall Sale 🍂🍵,Master-Shopify,2023-08-25 18:30:00,Friday,86996.0,31.0,0.04%,1668.84,45016.0,51.88%,63944.0,294.0,0.34%,861.0,87.0,15.0,0.02%,86766.0,230.0,0.26%,01H8PCBVDQYH19TDQNGYNYFDFQ,Email,n/a
Advent VOC // Segmented,n/a,all,Chance to win FREE GIFTS worth $60!🤩,Advent Calendar 500g Buyers - 2022,2023-08-28 18:30:00,Monday,1348.0,0.0,0.00%,0.0,648.0,48.14%,1067.0,11.0,0.82%,19.0,4.0,1.0,0.07%,1346.0,2.0,0.15%,01H8X546PWBSF27N3WW438ZDM6,Email,n/a
Labor Day Sale // ALL,n/a,all,FLAT 30% OFF on Super-Saver Bundles!🤑,Master-Shopify,2023-08-28 18:30:00,Monday,86296.0,40.0,0.05%,2410.0,46179.0,53.64%,66380.0,387.0,0.45%,855.0,89.0,17.0,0.02%,86082.0,214.0,0.25%,01H8YD6CBWYEVZ9BJEF0F7R8CP,Email,n/a
Labor Day Sale - 2 // ALL,n/a,all,Labor Day Cheers with a cup of Tea + Exclusive Savings,Master-Shopify,2023-08-30 18:30:00,Wednesday,86829.0,36.0,0.04%,2086.18,45276.0,52.25%,64804.0,343.0,0.40%,829.0,76.0,16.0,0.02%,86654.0,175.0,0.20%,01H92GSA99AJV9T3T88AGZBSZR,Email,n/a
Labor Day Guide // ALL,n/a,all,3 perfect ways to enjoy the Labor Day Weekend 😍,Master-Shopify,2023-09-01 18:30:00,Friday,86664.0,36.0,0.04%,2179.65,46749.0,54.06%,67180.0,283.0,0.33%,718.0,92.0,23.0,0.03%,86473.0,191.0,0.22%,01H983ZXXNY2H931G24GTE303Q,Email,n/a
Labor Day Last Call // ALL,n/a,all,Our Labor Day Sale ends soon!⌛,Master-Shopify,2023-09-04 18:30:00,Monday,86585.0,25.0,0.03%,1451.27,45220.0,52.42%,63852.0,327.0,0.38%,666.0,103.0,24.0,0.03%,86268.0,317.0,0.37%,01H9G58REJCZY3MT6JFD5C64VH,Email,n/a
Advent Calendar Launch // ALL,n/a,all,"VAHDAM® India launches ""Christmas In September""","Advent Calendar UB Signups 2023, Master-Shopify",2023-09-06 18:30:00,Wednesday,86498.0,34.0,0.04%,2676.71,45587.0,52.80%,64968.0,481.0,0.56%,937.0,95.0,23.0,0.03%,86338.0,160.0,0.18%,01H9NGGFK2A2QVAQ3BFZ58YRWQ,Email,n/a
Fall Sale Launch // ALL,n/a,all,Shop the Fall with EXTRA 20% OFF⚡🍂,Master-Shopify,2023-09-08 18:30:00,Friday,86326.0,29.0,0.03%,1692.08,45379.0,52.69%,64344.0,236.0,0.27%,630.0,89.0,22.0,0.03%,86131.0,195.0,0.23%,01H9T1YPYGS639B54ACDVMG7CG,Email,n/a
Advent Calendar 24x5 // ALL,n/a,all,Sneak Peak into Our Sensitive Data & A SURPRISE....,"Advent Calendar UB Signups 2023, Master-Shopify",2023-09-10 19:15:00,Sunday,86247.0,29.0,0.03%,1941.84,45764.0,53.14%,64879.0,401.0,0.47%,723.0,112.0,19.0,0.02%,86121.0,126.0,0.15%,01H9YNK3B3ZWGWGXNS48SJWQDY,Email,n/a
PR Advent Calendar EA // Advent 24x5 Openers & NB,n/a,segmented,Sshhh... Don’t tell anyone about this,"Advent 24x5 Email Openers and NB, Advent Calendar UB Signups 2023",2023-09-11 18:30:00,Monday,40104.0,10.0,0.03%,1171.56,36395.0,90.81%,53946.0,355.0,0.89%,458.0,62.0,14.0,0.03%,40078.0,26.0,0.07%,01HA25K27X5T4Q4WSV86XRR6F6,Email,n/a
Fall Sale 2 // ALL,n/a,all,Savor the flavors of fall with these fan-favorites😋🍂,"Advent Calendar UB Signups 2023, Master-Shopify",2023-09-13 18:30:00,Wednesday,85730.0,32.0,0.04%,1964.61,47488.0,55.50%,68029.0,245.0,0.29%,626.0,78.0,20.0,0.02%,85558.0,172.0,0.20%,01HA7G9NCQDK82EPB3VXX7TEKT,Email,n/a
Fall Sale 3 - Recipe // ALL,n/a,all,Whip up a tasty treat with this Fall Fav😋😋,"Advent Calendar UB Signups 2023, Master-Shopify",2023-09-15 18:30:00,Friday,83992.0,18.0,0.02%,1549.75,45902.0,54.77%,65522.0,204.0,0.24%,487.0,88.0,22.0,0.03%,83814.0,178.0,0.21%,01HAD3W7YX7TVPB5RG5ZHWTHKS,Email,n/a
Advent Calendar - Private Reserve Bundle // ALL,n/a,all,Better be safe than Sorry,"Advent Calendar UB Signups 2023, Master-Shopify",2023-09-17 18:30:00,Sunday,83050.0,36.0,0.04%,2554.67,49301.0,59.47%,71707.0,439.0,0.53%,848.0,99.0,49.0,0.06%,82901.0,149.0,0.18%,01HAH6JYSR0Q2PGM8NSBG9AWEV,Email,n/a
VOC // EIP Buyers,n/a,,Get FREE GIFTS worth $60!!,EIP Customers,2023-09-18 18:00:00,Monday,406.0,0.0,0.00%,0.0,203.0,50.12%,304.0,2.0,0.49%,3.0,0.0,0.0,0.00%,405.0,1.0,0.25%,01HAMC2G0ZFH4PKK2DNAAKQGTP,Email,n/a
Fall Sale 4 - Product Highlight // ALL,n/a,all,Top Picks for Fall: Unbe-leaf-able Deals on Fall's Best Blends!,"Advent Calendar UB Signups 2023, Master-Shopify",2023-09-19 18:30:00,Tuesday,82942.0,27.0,0.03%,1516.09,45056.0,54.41%,64415.0,288.0,0.35%,826.0,88.0,23.0,0.03%,82806.0,136.0,0.16%,01HAPS73ZNV94E3KG6QMPPX238,Email,n/a
Micro Caddy Advent Calendar // ALL minus last 25 day advent buyers,n/a,all,New Addition to our Advent Collection....,"Advent Calendar UB Signups 2023, Master-Shopify",2023-09-22 18:30:00,Friday,83303.0,20.0,0.02%,1316.04,46173.0,55.54%,67235.0,547.0,0.66%,1091.0,82.0,29.0,0.03%,83136.0,167.0,0.20%,01HAW0WHCCA5E0WD9TAJ7N8T01,Email,n/a
Micro Caddy Advent Calendar // last 15 day advent buyers,n/a,,New Addition to our Advent Collection....,Last 15 Day Advent Buyers,2023-09-22 18:30:00,Friday,92.0,0.0,0.00%,0.0,62.0,67.39%,111.0,9.0,9.78%,11.0,2.0,0.0,0.00%,92.0,0.0,0.00%,01HAYM62D983TQZADYQFW49RRV,Email,n/a
Pumpkin Spice Back in Stock // ALL,n/a,all,🍂 Autumn's Must-Have: Our Pumpkin Spice Latte Returns,"Advent Calendar UB Signups 2023, Master-Shopify",2023-09-24 18:30:00,Sunday,82757.0,43.0,0.05%,2282.19,46333.0,56.07%,65918.0,280.0,0.34%,731.0,111.0,20.0,0.02%,82627.0,130.0,0.16%,01HB3X21WV80ATBHG9FV3M96M8,Email,n/a
Advent Calendar - Collection // ALL,n/a,all,A good news :) and a Bad news for you...:(,"Advent Calendar UB Signups 2023, Master-Shopify",2023-09-27 09:00:00,Wednesday,82681.0,43.0,0.05%,3521.02,45668.0,55.34%,65657.0,366.0,0.44%,1151.0,103.0,26.0,0.03%,82522.0,159.0,0.19%,01HB8XWAW5QSN7MD3YB3YJKYBN,Email,n/a
Single Estate Pack-Based Discounts // ALL,n/a,all,Best Deals on Finest Darjeeling Teas,"Advent Calendar UB Signups 2023, Master-Shopify",2023-09-28 18:30:00,Thursday,72550.0,23.0,0.03%,1378.88,38334.0,52.94%,48164.0,180.0,0.25%,685.0,55.0,14.0,0.02%,72410.0,140.0,0.19%,01HBDZY6DF01VRD310JN0A70HP,Email,n/a
Last Call for Fall // ALL minus dw 2,n/a,all,LAST CALL for FALL: Exclusive Limited Time Deals,"Advent Calendar UB Signups 2023, Master-Shopify",2023-09-30 18:30:00,Saturday,59922.0,36.0,0.06%,2131.08,27731.0,46.37%,32651.0,148.0,0.25%,860.0,61.0,10.0,0.02%,59799.0,123.0,0.21%,01HBK7DVZXJEAA4T5Q1DH8BP2A,Email,n/a
Mystery Sale // ALL minus dw 3,n/a,all,"Hi {{ first_name|default:'' }}, we've a Mystery Deal for you🕵️‍♀️","Advent Calendar UB Signups 2023, Master-Shopify",2023-10-03 18:30:00,Tuesday,35928.0,13.0,0.04%,751.77,5479.0,15.29%,6459.0,247.0,0.69%,454.0,42.0,11.0,0.03%,35838.0,90.0,0.25%,01HBTTZEYGS0S6RTFGF22R0RQP,Email,n/a
Micro Caddy Advent // Clickers & NB,n/a,,Get $10 VAHDAM® India coupon!,Handcrafted Advent - Clickers and NB,2023-10-04 18:30:00,Wednesday,533.0,0.0,0.00%,0.0,335.0,63.09%,536.0,68.0,12.81%,343.0,2.0,0.0,0.00%,531.0,2.0,0.38%,01HBXVVFDXH1SA83JP3JHEP4F3,Email,n/a
Mystery Sale // ALL minus dw 4,n/a,all,Fa- BOO- lous time begins now🎃🍂🙌,"Advent Calendar UB Signups 2023, Master-Shopify",2023-10-06 18:30:00,Friday,16080.0,3.0,0.02%,207.54,1271.0,7.93%,1815.0,37.0,0.23%,58.0,8.0,1.0,0.01%,16022.0,58.0,0.36%,01HC2EYX00DGM9A9Q0QCQFGEJD,Email,n/a
Advent 24x1 Bundles // ALL minus dw 4,n/a,all,You won't believe what we got for you...,"Advent Calendar UB Signups 2023, Master-Shopify",2023-10-08 18:30:00,Sunday,16139.0,2.0,0.01%,77.35,1437.0,8.93%,1977.0,30.0,0.19%,42.0,11.0,9.0,0.06%,16094.0,45.0,0.28%,01HC6XQG2YD20TWRJG7PSBSB81,Email,n/a
Halloween History & Deals // ALL minus dw 4,n/a,all,You don't wanna miss these Frightfully Good Halloween Deals!🍵🎃,"Advent Calendar UB Signups 2023, Master-Shopify",2023-10-10 18:30:00,Tuesday,16164.0,2.0,0.01%,125.97,1440.0,8.94%,1997.0,36.0,0.22%,63.0,20.0,6.0,0.04%,16116.0,48.0,0.30%,01HCCEZZWNR3VR6G6HG2HRBCC4,Email,n/a
UB Winner Announcement // UB Signups,n/a,all,"We're sorry, but Congratulations to Sandra!",Advent Calendar UB Signups 2023,2023-10-12 01:35:39,Thursday,16.0,0.0,0.00%,0.0,7.0,43.75%,8.0,0.0,0.00%,0.0,0.0,0.0,0.00%,16.0,0.0,0.00%,01HCET47WEYXEKDNJRCGS3Y7F6,Email,n/a
Celebrity Collection Deals // ALL minus dw 4,n/a,all,UP TO 60% OFF on our Exclusive Fall & Limited Edition Blends!,"Advent Calendar UB Signups 2023, Master-Shopify",2023-10-12 18:30:00,Thursday,16241.0,6.0,0.04%,465.02,1449.0,8.95%,2036.0,66.0,0.41%,136.0,21.0,2.0,0.01%,16194.0,47.0,0.29%,01HCJBGHBJKA4K51CH9D56GSKM,Email,n/a
UB Winner Announcement 2 // UB Signups,n/a,all,"We're sorry, but Congratulations to Isaiah!",Advent Calendar UB Signups 2023,2023-10-18 18:30:00,Wednesday,21.0,0.0,0.00%,0.0,9.0,42.86%,11.0,0.0,0.00%,0.0,0.0,0.0,0.00%,21.0,0.0,0.00%,01HD1DJ107BV6095N5RQFPXP75,Email,n/a
UB Winner Announcement 3 // UB Signups,n/a,all,"We're sorry, but Congratulations to Steve!",Advent Calendar UB Signups 2023,2023-11-09 18:00:00,Thursday,21.0,1.0,4.76%,82.97,9.0,42.86%,10.0,0.0,0.00%,0.0,0.0,0.0,0.00%,21.0,0.0,0.00%,01HESBGGK1TZ4JFQ72CXM5PW78,Email,n/a
Trip to India // Signups,n/a,all,Trip to India Next Steps,Trip to India Signup Form,2023-11-09 18:00:00,Thursday,293.0,1.0,0.34%,170.11,172.0,58.70%,512.0,44.0,15.02%,114.0,4.0,0.0,0.00%,293.0,0.0,0.00%,01HET7DD5N75NGX845R8HQ2VC9,Email,n/a
Trip to India - Schedule a Call // Signups,n/a,all,Secure your Trip to India here!,Trip to India,2023-11-15 13:30:00,Wednesday,296.0,0.0,0.00%,0.0,197.0,66.55%,533.0,39.0,13.18%,76.0,12.0,0.0,0.00%,296.0,0.0,0.00%,01HF9YYPM9TNWKZCCK221FQEZ9,Email,n/a
UB Winner Announcement 4 // UB Signups,n/a,all,"We're sorry, but Congratulations to Nathan!",Advent Calendar UB Signups 2023,2023-11-15 18:30:00,Wednesday,21.0,0.0,0.00%,0.0,12.0,57.14%,13.0,0.0,0.00%,0.0,0.0,0.0,0.00%,21.0,0.0,0.00%,01HF8XQJ0RNXTSBG2QJ5RF891D,Email,n/a
BFCM DOTD 4 // Rem,n/a,all,THIS is what you needed for the perfect holidays🎁,Added to Klaviyo post May,2023-11-17 13:00:00,Friday,3283.0,9.0,0.27%,900.67,1915.0,58.47%,3077.0,64.0,1.95%,95.0,74.0,4.0,0.12%,3275.0,8.0,0.24%,01HFDXMQHVFV211183CMX8D1DV,Email,n/a
UB Winner Announcement 5 // UB Signups,n/a,all,"We're sorry, but Congratulations to Barbara!",Advent Calendar UB Signups 2023,2023-11-23 18:30:00,Thursday,42.0,0.0,0.00%,0.0,18.0,42.86%,23.0,0.0,0.00%,0.0,0.0,0.0,0.00%,42.0,0.0,0.00%,01HFXQFCQ94E7HCAMRNBF0A3ZC,Email,n/a
Advent Discount Codes // Skips,n/a,all,Here are your $200+ coupon codes,Advent Skips,2023-12-12 07:18:30,Tuesday,1380.0,2.0,0.14%,224.19,754.0,54.84%,1257.0,13.0,0.95%,18.0,63.0,1.0,0.07%,1375.0,5.0,0.36%,01HHEZ6XKHEA10YY3GHVBFEN1A,Email,n/a
Year Wrapped / New Subscribers,n/a,all,Featuring: Our 2023 Bestsellers ☕,Added to Klaviyo post May,2023-12-29 18:00:00,Friday,4051.0,4.0,0.10%,251.15,1632.0,40.74%,2355.0,90.0,2.25%,129.0,60.0,4.0,0.10%,4006.0,45.0,1.11%,01HJVDTAB52GDWVJDWD0FY7K4P,Email,n/a
New Year Resolutions / New Subscribers,n/a,all,The perfect start to the year🤩☕,Added to Klaviyo post May,2024-01-03 18:00:00,Wednesday,4571.0,7.0,0.15%,390.55,2771.0,61.17%,4155.0,58.0,1.28%,74.0,80.0,6.0,0.13%,4530.0,41.0,0.90%,01HK8B137D10M8MWT1PHPS5SQG,Email,n/a
Turmeric Ginger Herbal Tea - Better Sleep / New Subscribers,n/a,all,Need a quick power nap?😪,Added to Klaviyo post May,2024-01-05 18:00:00,Friday,4704.0,4.0,0.09%,201.44,2692.0,57.66%,4012.0,73.0,1.56%,114.0,92.0,4.0,0.09%,4669.0,35.0,0.74%,01HKDBJSXE6WQ6T3YD7B4C3QBZ,Email,n/a
Single Estate Teas / New Subscribers,n/a,all,Winter's Embrace: Darjeeling's Tea Gardens at Rest 🏞️❄️,Added to Klaviyo post May,2024-01-11 18:00:00,Thursday,4310.0,5.0,0.12%,423.45,2148.0,49.93%,3303.0,59.0,1.37%,109.0,55.0,2.0,0.05%,4302.0,8.0,0.19%,01HKWTXG2VR999DXQD6AMYSRET,Email,n/a
Winter Bundles / New Subscribers,Winter Bundles / New Subscribers Variation A,all,Don't get caught out this winter - be prepared!,Added to Klaviyo post May,2024-01-16 18:00:00,Tuesday,2304.0,1.0,0.04%,37.51,1066.0,46.43%,1606.0,20.0,0.87%,27.0,26.0,1.0,0.04%,2296.0,8.0,0.35%,01HM8ZC06FWE51RPGVJ901VGC1,Email,N
Winter Bundles / New Subscribers,Winter Bundles / New Subscribers Variation B,all,Don't get caught out this winter❄️ - be prepared!🤗,Added to Klaviyo post May,2024-01-16 18:00:00,Tuesday,2316.0,0.0,0.00%,0.0,1115.0,48.16%,1692.0,22.0,0.95%,36.0,40.0,3.0,0.13%,2315.0,1.0,0.04%,01HM8ZC06FWE51RPGVJ901VGC1,Email,Y
National Hot Tea Month / New Subscribers,National Hot Tea Month / New Subscribers Variation A,all,Your favourites @ EXTRA 10% OFF!😱,Added to Klaviyo post May,2024-01-18 18:30:00,Thursday,2301.0,2.0,0.09%,97.99,1371.0,59.74%,2110.0,26.0,1.13%,46.0,40.0,3.0,0.13%,2295.0,6.0,0.26%,01HME3R9VRH7MZKHZHS0RYZ4TA,Email,Y
National Hot Tea Month / New Subscribers,National Hot Tea Month / New Subscribers Variation B,all,Your favourites @ EXTRA 10% OFF!😱,Added to Klaviyo post May,2024-01-18 18:30:00,Thursday,2320.0,2.0,0.09%,128.94,1347.0,58.21%,2005.0,25.0,1.08%,34.0,37.0,2.0,0.09%,2314.0,6.0,0.26%,01HME3R9VRH7MZKHZHS0RYZ4TA,Email,N
Iced Teas Survey,n/a,,Chance to win FREE GIFTS worth $50!!!,Iced Tea Purchasers - 2023,2024-02-07 13:30:00,Wednesday,429.0,2.0,0.47%,88.65,253.0,58.97%,518.0,22.0,5.13%,64.0,1.0,0.0,0.00%,429.0,0.0,0.00%,01HNWR5QY1B0YFK8Z3WQ7900JS,Email,n/a
Trip to India - Non-Winners,n/a,,VAHDAM® India 'TeaTour' Winner Announcement,Trip to India,2024-02-08 03:57:04,Thursday,284.0,1.0,0.35%,82.77,148.0,52.30%,236.0,3.0,1.06%,5.0,10.0,0.0,0.00%,283.0,1.0,0.35%,01HP3YRK0F94YAY9P1WFAWZ5TW,Email,n/a
CX Email,n/a,,Join us: Talk with VAHDAM® India & Receive Thanks! 🎁,CX Detractors,2024-04-03 20:00:00,Wednesday,97.0,0.0,0.00%,0.0,42.0,44.21%,68.0,1.0,1.05%,1.0,1.0,0.0,0.00%,95.0,2.0,2.06%,01HTKK8HV9YAF7CHK25SQAYB3S,Email,n/a
CX Email - Second Reachout,n/a,,Schedule Your Call with VAHDAM® India & Receive Thanks! 🎁,CX Detractors,2024-04-08 09:42:28,Monday,96.0,2.0,2.13%,106.51,48.0,51.06%,78.0,4.0,4.25%,5.0,0.0,0.0,0.00%,94.0,2.0,2.08%,01HTYYXVCYJ73KQH6PGD63GYWM,Email,n/a
Father's Day Sale Launch (clone),n/a,all,[UP TO 25% OFF] Our Father's Day Sale is LIVE!,Added to Klaviyo post May,2024-06-07 18:07:55,Friday,868.0,1.0,0.12%,27.59,613.0,71.61%,980.0,103.0,12.03%,181.0,22.0,2.0,0.23%,856.0,12.0,1.38%,01HZTBVMJW1YA9ZSQ54KJJC39T,Email,n/a
CX Detractors,n/a,,Join us: Talk with VAHDAM® India & Receive Thanks! 🎁,CX Detractors - June,2024-06-11 18:30:00,Tuesday,17.0,1.0,5.88%,31.48,11.0,64.71%,24.0,1.0,5.88%,3.0,1.0,0.0,0.00%,17.0,0.0,0.00%,01J03QVYWMSE0R27EP9CGYQ5BA,Email,n/a
Iced Brews,n/a,all,#VAHDAMTribe-approved cold brews for you🍹,Added to Klaviyo post May,2024-06-27 13:30:00,Thursday,1475.0,0.0,0.00%,0.0,820.0,56.20%,1160.0,32.0,2.19%,54.0,42.0,3.0,0.21%,1459.0,16.0,1.08%,01J1CRZR7X0E0FZBDPT2VCDWTK,Email,n/a
Black Friday Last Call,n/a,all,SURPRISE DEAL before we sign OFF⌛,Created in November BFCM,2024-11-29 21:43:13,Friday,843.0,2.0,0.24%,118.56,305.0,36.61%,429.0,12.0,1.44%,19.0,20.0,0.0,0.00%,833.0,10.0,1.19%,01JDXDNB0QEGQ7F5TE9H9RCJ4H,Email,n/a
Black Friday Extended,n/a,all,BLACK FRIDAY DEAL EXTENDED: Only till midnight today! 😱,Created in November BFCM,2024-11-30 07:30:00,Saturday,143.0,1.0,0.70%,86.95,36.0,25.35%,54.0,1.0,0.70%,1.0,5.0,0.0,0.00%,142.0,1.0,0.70%,01JDZ0HWNJWZNSTSHCG8EADPXE,Email,n/a
Cyber Monday First Email,n/a,all,Cyber Monday is here! UP TO 50% OFF on Bestsellers!⚡,Created in November BFCM,2024-12-02 10:44:47,Monday,946.0,0.0,0.00%,0.0,315.0,33.48%,441.0,17.0,1.81%,22.0,28.0,0.0,0.00%,941.0,5.0,0.53%,01JE40F06C9Y3213APP3GPGK0Z,Email,n/a
Cyber Monday Second Email,n/a,all,"BONUS Cyber Monday Deals, For 24 HOURS ONLY!⚡",Created in November BFCM,2024-12-02 16:29:08,Monday,52.0,0.0,0.00%,0.0,12.0,23.08%,17.0,0.0,0.00%,0.0,1.0,0.0,0.00%,52.0,0.0,0.00%,01JE4KZD0CRPY58FB3YBPDYHRF,Email,n/a
Cyber Monday Last Email,n/a,all,"Final Hours, Final Perk: Extra 10% Off Inside!🎉",Created in November BFCM,2024-12-02 21:37:53,Monday,1064.0,1.0,0.09%,132.35,415.0,39.15%,580.0,9.0,0.85%,11.0,20.0,0.0,0.00%,1060.0,4.0,0.38%,01JE55YCH7QP31TXH50ZDY14AH,Email,n/a
Cancellation Email - AC - 1,n/a,,Your subscription is cancelled. Was it something we said?,Subscription Cancelled - First Customer,2025-05-05 13:30:00,Monday,1.0,0.0,0.00%,0.0,1.0,100.00%,1.0,0.0,0.00%,0.0,0.0,0.0,0.00%,1.0,0.0,0.00%,01JTFGDZZ0VM7CT5HJ74387H15,Email,n/a
Cancellation Email - AC - 2,n/a,,Ashwagandha Coffee was built for your kind of life,Subscription Cancelled - First Customer,2025-05-08 09:30:00,Thursday,1.0,0.0,0.00%,0.0,0.0,0.00%,0.0,0.0,0.00%,0.0,0.0,0.0,0.00%,1.0,0.0,0.00%,01JTFGJ6S3W5GNXVSH61TQ944E,Email,n/a
Cancellation Email - AC - 3,n/a,,24 hours left to come back—with 10% off,Subscription Cancelled - First Customer,2025-05-11 09:30:00,Sunday,1.0,0.0,0.00%,0.0,0.0,0.00%,0.0,0.0,0.00%,0.0,0.0,0.0,0.00%,1.0,0.0,0.00%,01JTFGPY9M46G9YE58VMAT60S3,Email,n/a
Survey Form Reachout - AC,n/a,,$10 for your feedback?,Ashwagandha Coffee - Survey Form Reachout List,2025-05-16 18:00:00,Friday,45.0,4.0,9.30%,186.33,20.0,46.51%,32.0,1.0,2.33%,1.0,0.0,0.0,0.00%,43.0,2.0,4.44%,01JVCZDT667MMN34DMSRWEAH2Z,Email,n/a
New Subscriber Email 5,n/a,,This Coffee Targets Cortisol 😮,Joined AC List before April 18th and NB - Coffee,2025-05-19 18:00:00,Monday,117.0,0.0,0.00%,0.0,13.0,11.21%,14.0,0.0,0.00%,0.0,0.0,0.0,0.00%,116.0,1.0,0.85%,01JVMZKXRRH2A334Q9HAHTNWVV,Email,n/a
New Subscriber Email 6,n/a,,Why pay 6x more for the same energy?,Joined AC List before April 18th and NB - Coffee,2025-05-21 09:30:00,Wednesday,117.0,0.0,0.00%,0.0,36.0,30.77%,46.0,1.0,0.85%,1.0,0.0,0.0,0.00%,117.0,0.0,0.00%,01JVMZT3GBWNZK5YM75ARQ8Y3W,Email,n/a
New Subscriber Email 7,n/a,,Coffee shouldn’t come with anxiety.,Joined AC List before April 18th and NB - Coffee,2025-05-23 14:00:00,Friday,117.0,0.0,0.00%,0.0,36.0,30.77%,53.0,3.0,2.56%,5.0,2.0,0.0,0.00%,117.0,0.0,0.00%,01JVMZYSGRMZ8JXHFWT422YH39,Email,n/a
New Subscriber Email 8,n/a,,They all swear by this stress-reducing ritual.,Joined AC List before April 18th and NB - Coffee,2025-05-25 14:00:00,Sunday,115.0,0.0,0.00%,0.0,32.0,27.83%,42.0,0.0,0.00%,0.0,0.0,0.0,0.00%,115.0,0.0,0.00%,01JVN01B0M024QWA8QG07HRTT3,Email,n/a
New Subscriber Email 9,n/a,,You Could’ve Felt the Change by Now,Joined AC List before April 18th and NB - Coffee,2025-05-26 09:30:00,Monday,115.0,1.0,0.87%,62.82,35.0,30.44%,50.0,2.0,1.74%,2.0,0.0,0.0,0.00%,115.0,0.0,0.00%,01JVN03TB8328FQ93J9DCF030B,Email,n/a
New Subscriber Email 6 - PO1,n/a,,Why pay 6x more for the same energy?,Ashwagandha PO1 Post Email 5,2025-05-26 13:00:00,Monday,5.0,0.0,0.00%,0.0,4.0,80.00%,5.0,1.0,20.00%,1.0,2.0,0.0,0.00%,5.0,0.0,0.00%,01JW64GWVBN7DSFDXCKTA2E6EQ,Email,n/a
New Subscriber Email 7 - PO1,n/a,,Coffee shouldn’t come with anxiety.,Ashwagandha PO1 Post Email 5,2025-05-27 09:00:00,Tuesday,3.0,0.0,0.00%,0.0,2.0,66.67%,2.0,0.0,0.00%,0.0,0.0,0.0,0.00%,3.0,0.0,0.00%,01JW64NHZC2YFHG8V2YJ8SPZWZ,Email,n/a
New Subscriber Email 10,n/a,,⏳ 62% OFF ends tonight—gifts worth $78 included!,Joined AC List before April 18th and NB - Coffee,2025-05-27 14:00:00,Tuesday,115.0,0.0,0.00%,0.0,35.0,30.44%,44.0,1.0,0.87%,1.0,1.0,0.0,0.00%,115.0,0.0,0.00%,01JVN06CSMTD5CW1V3ET4X2JZ1,Email,n/a
New Subscriber Email 8 - PO1,n/a,,They all swear by this stress-reducing ritual.,Ashwagandha PO1 Post Email 5,2025-05-29 09:00:00,Thursday,3.0,0.0,0.00%,0.0,2.0,66.67%,3.0,0.0,0.00%,0.0,0.0,0.0,0.00%,3.0,0.0,0.00%,01JW64QZ6T2868NCV5ZPDMR7N5,Email,n/a
Survey Form Reachout - AC - May 30th,n/a,,$10 for your feedback?,Ashwagandha Coffee Buyers - Before May 9th,2025-05-30 13:30:00,Friday,52.0,0.0,0.00%,0.0,23.0,44.23%,34.0,2.0,3.85%,2.0,0.0,0.0,0.00%,52.0,0.0,0.00%,01JWGQCNW42ZN0TE64XKM640FD,Email,n/a
New Subscriber Email 9 - PO1,n/a,,You Could’ve Felt the Change by Now,Ashwagandha PO1 Post Email 5,2025-05-31 09:00:00,Saturday,3.0,0.0,0.00%,0.0,2.0,66.67%,4.0,0.0,0.00%,0.0,0.0,0.0,0.00%,3.0,0.0,0.00%,01JW64SWESBSHX4Q8SDK6JDNSK,Email,n/a
New Subscriber Email 10 - PO1,n/a,,⏳ 47% OFF ends tonight—$20 Cash Credit Included!,Ashwagandha PO1 Post Email 5,2025-06-02 09:00:00,Monday,3.0,0.0,0.00%,0.0,2.0,66.67%,2.0,0.0,0.00%,0.0,0.0,0.0,0.00%,3.0,0.0,0.00%,01JW64WCXAHJXTMCSPKW0F368N,Email,n/a
Ashwagandha Coffee Non-Buyers - Old Funnel,n/a,,[24 Hours Only] 40% Off Your Healthiest Coffee Yet,Joined AC List before April 18th and NB - Coffee,2025-06-09 18:00:00,Monday,315.0,2.0,0.64%,139.3,102.0,32.59%,141.0,9.0,2.88%,10.0,1.0,0.0,0.00%,313.0,2.0,0.64%,01JXA9RSNDMA60MDESZSFWAJ88,Email,n/a
Ashwagandha Coffee NB FW - Openers,n/a,,Ends Tonight: 40% Off Ashwagandha Coffee,Opened Email - AC Non-Buyers Email,2025-06-10 18:00:00,Tuesday,75.0,1.0,1.33%,78.83,56.0,74.67%,81.0,4.0,5.33%,7.0,0.0,0.0,0.00%,75.0,0.0,0.00%,01JXCZ3BPFG1WV0EV6AA1W556A,Email,n/a
Ashwagandha Coffee NB FW - Clickers,n/a,,Ends Tonight: 40% Off Ashwagandha Coffee,Clicked Email - AC Non-Buyers Email,2025-06-10 18:00:00,Tuesday,5.0,0.0,0.00%,0.0,1.0,20.00%,1.0,0.0,0.00%,0.0,0.0,0.0,0.00%,5.0,0.0,0.00%,01JXCZNN536PHH40K7QFF70Q26,Email,n/a
Ashwagandha Coffee NB - Non-Openers,Problem - Solution,,"Belly fat, bad sleep, stress cravings? This helps.",Joined AC List before April 18th and NB - Coffee,2025-06-10 18:00:00,Tuesday,114.0,0.0,0.00%,0.0,23.0,20.18%,24.0,0.0,0.00%,0.0,0.0,0.0,0.00%,114.0,0.0,0.00%,01JXCZQKWTDRE0F6MK5A2KNPJZ,Email,N
Ashwagandha Coffee NB - Non-Openers,Curiosity,,"Stress, weight, sleep... could one cup help all three?",Joined AC List before April 18th and NB - Coffee,2025-06-10 18:00:00,Tuesday,112.0,0.0,0.00%,0.0,12.0,10.81%,15.0,2.0,1.80%,3.0,1.0,0.0,0.00%,111.0,1.0,0.89%,01JXCZQKWTDRE0F6MK5A2KNPJZ,Email,Y
Delay in Delivery Confirmation,n/a,,A Note on Your Ashwagandha Coffee Order,Pack of 1 Orders since May 29th,2025-06-11 18:00:00,Wednesday,9.0,0.0,0.00%,0.0,4.0,44.44%,5.0,0.0,0.00%,0.0,0.0,0.0,0.00%,9.0,0.0,0.00%,01JXDTQN1SY1Z0W1Y97SFVNCYB,Email,n/a
Post Purchase Email 1,n/a,,From my desk to your cup — the story of our Ashwagandha Coffee,Ashwaganahda Coffee for Calm Energy Buyers - Jun 5 - 11th,2025-06-12 18:00:00,Thursday,29.0,0.0,0.00%,0.0,12.0,42.86%,19.0,0.0,0.00%,0.0,0.0,0.0,0.00%,28.0,1.0,3.45%,01JXJSWJFQ3J4HVK05BR7GG8PX,Email,n/a
Post Purchase Email 1 - Jun 1 - 12th,n/a,,From my desk to your cup — the story of our Ashwagandha Coffee,"Ashwagandha Coffee - Pack of 1 - One-Time - Jun 1st - 12th, Ashwagandha Coffee - Pack of 1 - Subscribers - Jun 1st - 12th (clone), Ashwagandha Coffee - Pack of 2 - One-Time - Jun 1st - 12th (clone), Ashwagandha Coffee - Pack of 2 - Subscribers - Jun 1st - 12th, Ashwagandha Coffee - Pack of 3 - One-Time - Jun 1st - 12th, Ashwagandha Coffee - Pack of 3 - Subscribers - Jun 1st - 12th (clone) (clone)",2025-06-13 17:45:00,Friday,39.0,0.0,0.00%,0.0,17.0,48.57%,23.0,0.0,0.00%,0.0,1.0,0.0,0.00%,35.0,4.0,10.26%,01JXN8JJFJK58M2WSSY0DXWQM7,Email,n/a
Bala Newsletter - Test,n/a,,From a birthday surprise… to something new! [Founder Newsletter #1] - link test,Sankalp - Test,2025-06-14 09:32:30,Saturday,1.0,0.0,0.00%,0.0,1.0,100.00%,2.0,1.0,100.00%,1.0,0.0,0.0,0.00%,1.0,0.0,0.00%,01JXQA7VFAR8QYXP18MKK60DB8,Email,n/a
Bala Newsletter - Test 2,n/a,,From a birthday surprise… to something new! [Founder Newsletter #1] - test 2,Bala Newsletter Test,2025-06-14 09:44:51,Saturday,2.0,0.0,0.00%,0.0,2.0,100.00%,3.0,1.0,50.00%,2.0,0.0,0.0,0.00%,2.0,0.0,0.00%,01JXQAVFJBEQM6WEJKB2672DGT,Email,n/a
Bala Newsletter - Final Test,n/a,,From a birthday surprise… to something new! [Founder Newsletter #1],Sankalp - Test,2025-06-14 10:15:04,Saturday,1.0,0.0,0.00%,0.0,1.0,100.00%,3.0,0.0,0.00%,0.0,0.0,0.0,0.00%,1.0,0.0,0.00%,01JXQCKKA5S8CH108T42G42PRE,Email,n/a
Bala Newsletter - Test - Sankalp,n/a,,From a birthday surprise… to something new! [Founder Newsletter #1],Sankalp - Test,2025-06-14 10:23:20,Saturday,1.0,0.0,0.00%,0.0,1.0,100.00%,1.0,0.0,0.00%,0.0,0.0,0.0,0.00%,1.0,0.0,0.00%,01JXQD0KYT9E2JCQXKD2G0BWBV,Email,n/a
Founder Newsletter #1,A,,From a birthday surprise… to something new! [Newsletter #1],Email Openers - Webengage,2025-06-14 11:15:00,Saturday,30619.0,16.0,0.05%,827.31,18208.0,60.01%,25451.0,585.0,1.93%,747.0,147.0,2.0,0.01%,30341.0,278.0,0.91%,01JXQERY5GZNJN3FMR370BFSWR,Email,Y
Founder Newsletter #1,B,,[Newsletter #1] From a birthday surprise… to something new!,Email Openers - Webengage,2025-06-14 11:15:00,Saturday,30632.0,10.0,0.03%,506.46,18197.0,59.95%,25377.0,577.0,1.90%,735.0,164.0,0.0,0.00%,30356.0,276.0,0.90%,01JXQERY5GZNJN3FMR370BFSWR,Email,N
Post Purchase Email 1 - Jun 13th - 16th,n/a,,From my desk to your cup — the story of our Ashwagandha Coffee,Ashwagandha Coffee Buyers - June 13 - 16th,2025-06-17 09:30:00,Tuesday,54.0,0.0,0.00%,0.0,20.0,37.74%,31.0,0.0,0.00%,0.0,0.0,0.0,0.00%,53.0,1.0,1.85%,01JXYV4N0Z3AV99K67R0NPH9BT,Email,n/a
Post Purchase Email 1 - Jun 1 - 12th - Subscribers,n/a,,Your Ashwagandha Coffee journey has just begun ☕🌿,"Ashwagandha Coffee - Pack of 1 - Subscribers - Jun 1st - 12th (clone), Ashwagandha Coffee - Pack of 2 - Subscribers - Jun 1st - 12th, Ashwagandha Coffee - Pack of 3 - Subscribers - Jun 1st - 12th (clone) (clone)",2025-06-18 09:30:00,Wednesday,13.0,0.0,0.00%,0.0,8.0,61.54%,12.0,0.0,0.00%,0.0,0.0,0.0,0.00%,13.0,0.0,0.00%,01JY1A5P0DTDZP7R1T6GPX3ZGW,Email,n/a
AC PDF Subscribers - One-Time & Subscription Push - Non-Buyers,n/a,,Your Free Stress Relief Guide is Here 💚,AC PDF Email Subscribers,2025-06-18 17:30:00,Wednesday,172.0,0.0,0.00%,0.0,55.0,32.35%,66.0,1.0,0.59%,1.0,4.0,0.0,0.00%,170.0,2.0,1.16%,01JY2B12AY8GSP6MA97A8E6A4S,Email,n/a
AC PDF Subscribers - One-Time & Subscription Push - Buyers,n/a,,Your Free Stress Relief Guide is Here 💚,AC PDF List - Buyer,2025-06-18 17:30:00,Wednesday,30.0,0.0,0.00%,0.0,13.0,43.33%,19.0,1.0,3.33%,1.0,0.0,0.0,0.00%,30.0,0.0,0.00%,01JY2C62T43HTYY87E7J45ZS1M,Email,n/a
AC Previous Checkouts - New Funnels,n/a,,Still in Your Cart: Now EXTRA 20% Off,Abandonded Checkout - AC New Funnel - Non-Buyers,2025-06-26 18:00:00,Thursday,52.0,1.0,1.92%,46.98,15.0,28.85%,25.0,1.0,1.92%,2.0,0.0,0.0,0.00%,52.0,0.0,0.00%,01JY9GE5A8EKFBT9762EYXQJN4,Email,n/a
AC Previous New Subscribers - New Funnels,n/a,,Limited Time: Enjoy 20% Off on Your Coffee Fix!,AC PDF Email Subscribers,2025-06-26 18:00:00,Thursday,176.0,0.0,0.00%,0.0,55.0,31.79%,76.0,2.0,1.16%,4.0,1.0,0.0,0.00%,173.0,3.0,1.70%,01JY9GQ6J4GXRTJCE0F0DP7G8N,Email,n/a
AC One-Time to Subscribers Email,AC One-Time to Subscribers Email Variation A,,Don’t Break the Calm. Refill Smarter,"Ashwagandha Coffee - Pack of 1 - One-Time - Jun 1st - 12th, Ashwagandha Coffee - Pack of 2 - One-Time - Jun 1st - 12th (clone), Ashwagandha Coffee - Pack of 3 - One-Time - Jun 1st - 12th",2025-06-26 18:00:00,Thursday,28.0,0.0,0.00%,0.0,14.0,50.00%,16.0,0.0,0.00%,0.0,0.0,0.0,0.00%,28.0,0.0,0.00%,01JY9H56BF71GJ2TX4D0HKQ16W,Email,N
AC One-Time to Subscribers Email,AC One-Time to Subscribers Email Variation B,,Don’t Break the Calm. Refill Smarter,"Ashwagandha Coffee - Pack of 1 - One-Time - Jun 1st - 12th, Ashwagandha Coffee - Pack of 2 - One-Time - Jun 1st - 12th (clone), Ashwagandha Coffee - Pack of 3 - One-Time - Jun 1st - 12th",2025-06-26 18:00:00,Thursday,28.0,1.0,3.57%,71.99,9.0,32.14%,23.0,1.0,3.57%,1.0,0.0,0.0,0.00%,28.0,0.0,0.00%,01JY9H56BF71GJ2TX4D0HKQ16W,Email,Y
4th of July Offer - Ashwagandha Coffee,n/a,,🔥 FLAT 50% OFF 4th of July Frenzy!,Ashwagandha Coffee Subscribers and Non-Buyers,2025-07-02 18:00:00,Wednesday,637.0,1.0,0.16%,81.38,195.0,30.85%,256.0,12.0,1.90%,16.0,4.0,0.0,0.00%,632.0,5.0,0.78%,01JZ637TTQFHDCMFXC0HKHS77B,Email,n/a
PO6 Ashwagandha Coffee Buyers - Bala's Email,n/a,,From my desk to your cup — the story of our Ashwagandha Coffee,PO6 Ashwagandha Coffee,2025-07-03 09:00:00,Thursday,4.0,0.0,0.00%,0.0,3.0,75.00%,6.0,0.0,0.00%,0.0,0.0,0.0,0.00%,4.0,0.0,0.00%,01JZ83BGZX8109PWYVSJHZR4MC,Email,n/a
4th of July Offer - Ashwagandha Coffee - Akhil,n/a,,A personal note (and an extra treat for you),Ashwagandha Coffee Subscribers and Non-Buyers,2025-07-04 18:00:00,Friday,674.0,1.0,0.15%,157.38,211.0,31.54%,278.0,6.0,0.90%,9.0,3.0,0.0,0.00%,669.0,5.0,0.74%,01JZAYPQ1TE8BSQP9PCXB20FWZ,Email,n/a
4th of July Offer - Ashwagandha Coffee - Final Call,n/a,,[36 HOURS ONLY] July 4th Treat Extended!,Ashwagandha Coffee Subscribers and Non-Buyers,2025-07-05 12:00:00,Saturday,679.0,2.0,0.30%,128.52,164.0,24.30%,212.0,4.0,0.59%,6.0,6.0,1.0,0.15%,675.0,4.0,0.59%,01JZD05Y01EN4W6920V56D44AT,Email,n/a
Prime Day Sale - Ashwagandha Coffee,n/a,,Prime Day Exclusive: FLAT 50% OFF + 7 FREE GIFTS!,Ashwagandha Coffee Subscribers and Non-Buyers,2025-07-09 14:00:00,Wednesday,726.0,4.0,0.55%,249.42,236.0,32.64%,328.0,10.0,1.38%,13.0,4.0,0.0,0.00%,723.0,3.0,0.41%,01JZR2CEFZJPZVCJM3118K6M7M,Email,n/a
Whatsapp Community Outreach - Email 1,n/a,,You + Ashwagandha Coffee + This Club = Something Special,Ashwagandha Coffee Buyers (Whatsapp Community),2025-08-03 18:00:00,Sunday,559.0,3.0,0.54%,136.96,221.0,39.61%,344.0,20.0,3.58%,23.0,6.0,0.0,0.00%,558.0,1.0,0.18%,01K1RE4SNQCWJS59EETB7P71ZA,Email,n/a
Whatsapp Community Outreach - Email 2,n/a,,"Join the conversation, our Founder’s already there!",Ashwagandha Coffee Buyers (Whatsapp Community),2025-08-06 18:00:00,Wednesday,591.0,4.0,0.68%,323.29,259.0,43.90%,363.0,6.0,1.02%,9.0,8.0,0.0,0.00%,590.0,1.0,0.17%,01K1X3E1G22QTVXESQ62G8WHMX,Email,n/a
Back to School Deal - Ashwagandha Coffee,n/a,,Back-to-School Reset: 50% OFF + 7 Gifts Inside 🎁,Ashwagandha Coffee Subscribers and Non-Buyers,2025-08-11 18:00:00,Monday,1036.0,1.0,0.10%,64.97,285.0,27.67%,378.0,2.0,0.19%,3.0,7.0,0.0,0.00%,1030.0,6.0,0.58%,01K1X2NJY9G4DSBZMVA4W9VPZZ,Email,n/a
Order Delay Apology Email,n/a,,An Update on Your Ashwagandha Coffee Order ❤️,Delivery Delay Customers - Ashwagandha Coffee,2025-08-12 18:00:00,Tuesday,169.0,0.0,0.00%,0.0,100.0,59.17%,232.0,0.0,0.00%,0.0,1.0,0.0,0.00%,169.0,0.0,0.00%,01K2F9RR6R04QKEATRTJQ9N2VH,Email,n/a
AC Non Open & Active,n/a,,Latest Edit v15. pdf,AC SANB - Never Opened And Active,2025-08-14 08:43:15,Thursday,157.0,0.0,0.00%,0.0,3.0,1.92%,5.0,0.0,0.00%,0.0,2.0,0.0,0.00%,156.0,1.0,0.64%,01K2F59T1Y6301TV04ZC0VNKHE,Email,n/a
AC Non Open & Inactive,n/a,,Latest Edit v15. pdf,AC Number Givers,2025-08-14 08:44:43,Thursday,249.0,0.0,0.00%,0.0,7.0,2.85%,9.0,0.0,0.00%,0.0,1.0,0.0,0.00%,246.0,3.0,1.21%,01K2M9QEKEH8M1WY1D2VKKASBD,Email,n/a
AC Open Before D-30,n/a,,Invite from Mike : 15-min Audit,AC SANB - Subscribed in D3-D15,2025-08-14 08:48:39,Thursday,271.0,0.0,0.00%,0.0,50.0,18.52%,59.0,0.0,0.00%,0.0,2.0,0.0,0.00%,270.0,1.0,0.37%,01K2KTGR4ENRCRX8HYDF9RFDZQ,Email,n/a
AC Open In D30 Click In D30,n/a,,Still up for coffee this weekend?,AC SANB - Opened In D-30 And Click In D-30,2025-08-14 08:52:17,Thursday,30.0,0.0,0.00%,0.0,11.0,36.67%,17.0,0.0,0.00%,0.0,0.0,0.0,0.00%,30.0,0.0,0.00%,01K2KWGQ3GX7TQ52E0S0S1ETMQ,Email,n/a
AC Open In D30 But Click Before D30,AC Open In D30 But Click Before D30 Variation A,,Bring Back Your Coffee Moments!,AC SANB - Opened In D-30 But Clicked Before D-30,2025-08-15 13:24:33,Friday,32.0,0.0,0.00%,0.0,16.0,50.00%,23.0,2.0,6.25%,3.0,0.0,0.0,0.00%,32.0,0.0,0.00%,01K2QBQNX3H8QMA0XZQ4DHEEGF,Email,N
AC Open In D30 But Click Before D30,AC Open In D30 But Click Before D30 Variation B,,"Still up for coffee this weekend, {{ first_name }}?",AC SANB - Opened In D-30 But Clicked Before D-30,2025-08-15 13:24:33,Friday,31.0,0.0,0.00%,0.0,20.0,64.52%,26.0,0.0,0.00%,0.0,2.0,0.0,0.00%,31.0,0.0,0.00%,01K2QBQNX3H8QMA0XZQ4DHEEGF,Email,Y
AC Never Open & Inactive,AC Open In D30 But Click Before D30 (clone) Variation A,,Bring Back Your Coffee Moments!,AC Number Givers,2025-08-15 15:45:11,Friday,124.0,0.0,0.00%,0.0,3.0,2.44%,4.0,0.0,0.00%,0.0,0.0,0.0,0.00%,123.0,1.0,0.81%,01K2QKYEEESD0G61WCJA96C0ZT,Email,Y
AC Never Open & Inactive,AC Open In D30 But Click Before D30 (clone) Variation B,,"Still up for coffee this weekend, {{ first_name }}?",AC Number Givers,2025-08-15 15:45:11,Friday,120.0,0.0,0.00%,0.0,0.0,0.00%,0.0,0.0,0.00%,0.0,1.0,0.0,0.00%,119.0,1.0,0.83%,01K2QKYEEESD0G61WCJA96C0ZT,Email,N
AC Open in D30 & No Click Ever,AC Open in D30 & No Click Ever Variation A,,90% of women felt really lighter,AC SANB - Opened In D-30 But No Click,2025-08-16 07:31:04,Saturday,44.0,1.0,2.27%,79.99,30.0,68.18%,43.0,0.0,0.00%,0.0,0.0,0.0,0.00%,44.0,0.0,0.00%,01K2SA8KB4ENYPB23C67EMFR75,Email,N
AC Open in D30 & No Click Ever,AC Open in D30 & No Click Ever Variation B,,"After 40, belly fat acts different",AC SANB - Opened In D-30 But No Click,2025-08-16 07:31:04,Saturday,48.0,0.0,0.00%,0.0,27.0,56.25%,35.0,0.0,0.00%,0.0,0.0,0.0,0.00%,48.0,0.0,0.00%,01K2SA8KB4ENYPB23C67EMFR75,Email,Y
AC Open in D30 & No Click Ever,AC Open in D30 & No Click Ever Variation B,,"After 40, belly fat acts different",AC SANB - Opened In D-30 But No Click,2025-08-16 09:31:09,Saturday,224.0,0.0,0.00%,0.0,122.0,54.46%,166.0,2.0,0.89%,2.0,2.0,0.0,0.00%,224.0,0.0,0.00%,01K2SA8KB4ENYPB23C67EMFR75,Email,Y
AC Non Open & Active 2,AC Non Open & Active 2 Variation A,,90% of women felt really lighter,AC SANB - Never Opened And Active,2025-08-16 09:00:00,Saturday,30.0,0.0,0.00%,0.0,1.0,3.33%,3.0,0.0,0.00%,0.0,1.0,0.0,0.00%,30.0,0.0,0.00%,01K2RWSFHPF6RJX4AADMTXA8EF,Email,Y
AC Non Open & Active 2,AC Non Open & Active 2 Variation B,,"After 40, belly fat acts different",AC SANB - Never Opened And Active,2025-08-16 09:00:00,Saturday,28.0,0.0,0.00%,0.0,0.0,0.00%,0.0,0.0,0.00%,0.0,0.0,0.0,0.00%,28.0,0.0,0.00%,01K2RWSFHPF6RJX4AADMTXA8EF,Email,N
AC Non Open & Active 2,AC Non Open & Active 2 Variation A,,90% of women felt really lighter,AC SANB - Never Opened And Active,2025-08-16 10:59:58,Saturday,144.0,0.0,0.00%,0.0,0.0,0.00%,0.0,0.0,0.00%,0.0,0.0,0.0,0.00%,142.0,2.0,1.39%,01K2RWSFHPF6RJX4AADMTXA8EF,Email,Y
Zaymo AMP Approval Campaign,n/a,,The new email experience,Zaymo AMP Approval List,2025-08-25 10:49:46,Monday,3.0,0.0,0.00%,0.0,2.0,66.67%,4.0,0.0,0.00%,0.0,0.0,0.0,0.00%,3.0,0.0,0.00%,01K3GV3NM5NQVN00EC5T915WRQ,Email,n/a
D-3 to D-15 AC List,D-3 to D-15 AC List Variation A,,🎉 Our 50% Labor Day Discounts,AC SANB - Subscribed in D3-D15,2025-08-26 10:08:50,Tuesday,49.0,0.0,0.00%,0.0,17.0,34.69%,20.0,1.0,2.04%,1.0,0.0,0.0,0.00%,49.0,0.0,0.00%,01K3KB2S56NMDNV45EZMTFAFQP,Email,Y
D-3 to D-15 AC List,D-3 to D-15 AC List Variation B,,🔥 Labor Day Sale Starts Now!,AC SANB - Subscribed in D3-D15,2025-08-26 10:08:50,Tuesday,49.0,0.0,0.00%,0.0,18.0,36.73%,43.0,1.0,2.04%,2.0,0.0,0.0,0.00%,49.0,0.0,0.00%,01K3KB2S56NMDNV45EZMTFAFQP,Email,N
LDS - EA,n/a,,🔥 Labor Day Sale You Can't Miss!,All Purchase Before D-90,2025-08-27 04:57:44,Wednesday,795.0,1.0,0.13%,29.72,702.0,89.54%,819.0,66.0,8.42%,85.0,4.0,0.0,0.00%,784.0,11.0,1.38%,01K3NBKHJFNNTWHCR57ZR04SG0,Email,n/a
LDS - EA 180,n/a,,🔥 Early Access - Labor Day Sale,"All - Purchase Only Before D-180, No Open In D-180, Active In D-180",2025-08-27 05:43:00,Wednesday,153.0,2.0,1.32%,181.44,30.0,19.74%,46.0,3.0,1.97%,13.0,0.0,0.0,0.00%,152.0,1.0,0.65%,01K3NE9CYNF84B56915795CZA0,Email,n/a
LDS - EA (clone),n/a,,"We Missed You, {{ first_name }}",All - ATC Twice Before D-180,2025-08-27 12:59:19,Wednesday,703.0,0.0,0.00%,0.0,296.0,42.35%,419.0,7.0,1.00%,11.0,13.0,1.0,0.14%,699.0,4.0,0.57%,01K3P7BND7RTNAN49QYMA988JY,Email,n/a
Founder Newsletter #2,n/a,,A legacy that comes full circle [Newsletter #2],Email Openers - Webengage,2025-08-28 13:40:26,Thursday,60875.0,37.0,0.06%,2892.23,35283.0,58.84%,49479.0,0.0,0.00%,0.0,409.0,9.0,0.01%,59964.0,911.0,1.50%,01K33XY8SBAE1GDWSTFYA1YNKV,Email,n/a
[Follow-up] LDS - EA 180,n/a,,Alert! Exclusive Irresistible Offer! 🎉,[Engaged non-openers] LDS - EA 180,2025-08-29 05:43:00,Friday,2.0,0.0,0.00%,0.0,0.0,0.00%,0.0,0.0,0.00%,0.0,0.0,0.0,0.00%,2.0,0.0,0.00%,01K3NESXVPHFHRW733VSAXSVJX,Email,n/a
Pack Of 1 + Kit,n/a,,Last 3 Hours Left,AC All Non Purchasers,2025-09-01 21:53:15,Monday,1144.0,1.0,0.09%,50.27,242.0,21.34%,315.0,4.0,0.35%,5.0,8.0,1.0,0.09%,1134.0,10.0,0.87%,01K4411ZKQCDCXD3P323GWJ69H,Email,n/a
Founder Newsletter #2 (clone),n/a,,A legacy that comes full circle [Newsletter #2],Founder Email #2,2025-09-02 14:15:45,Tuesday,8531.0,0.0,0.00%,0.0,3242.0,38.84%,4622.0,0.0,0.00%,0.0,169.0,8.0,0.10%,8348.0,183.0,2.15%,01K45T7C8GZ0B1YCXBS5F4SQMM,Email,n/a
Testing,n/a,,"It's not you, it's us.",AC Join Before 25 AUG - NO PURCHASE with PHONE,2025-09-05 08:25:17,Friday,363.0,0.0,0.00%,0.0,157.0,43.49%,217.0,2.0,0.55%,2.0,5.0,0.0,0.00%,361.0,2.0,0.55%,01K4CV632ARDWW7T2SKCDRNGPA,Email,n/a
Founder Newsletter #3,n/a,,A Big Moment — and our newest innovation is here [Newsletter #3],Email Openers - Webengage - US,2025-09-08 10:28:15,Monday,54735.0,33.0,0.06%,2049.52,31775.0,58.94%,45015.0,1169.0,2.17%,1345.0,364.0,6.0,0.01%,53913.0,822.0,1.50%,01K33ZXH1JCTD1ED720HGA8E80,Email,n/a
Founder Newsletter #3 B,n/a,,A Big Moment — and our newest innovation is here [Newsletter #3],Email Openers - Webengage - US,2025-09-10 18:33:59,Wednesday,18553.0,3.0,0.02%,146.17,8518.0,46.75%,12137.0,54.0,0.30%,114.0,164.0,0.0,0.00%,18222.0,331.0,1.78%,01K4TW62GCA3ZJ07DCBBTQSW3J,Email,n/a
Zaymo AMP Approval Campaign,n/a,,The new email experience,Zaymo AMP Approval List,2025-09-18 13:37:52,Thursday,2.0,0.0,0.00%,0.0,1.0,50.00%,1.0,0.0,0.00%,0.0,0.0,0.0,0.00%,2.0,0.0,0.00%,01K5EY8N3JKFKRAH2F4JZZDC19,Email,n/a
Zaymo AMP Approval Campaign - help@send.vahdam.com,n/a,,The new email experience,Zaymo AMP Approval List,2025-09-29 02:04:10,Monday,2.0,0.0,0.00%,0.0,1.0,50.00%,2.0,0.0,0.00%,0.0,0.0,0.0,0.00%,2.0,0.0,0.00%,01K6A0YC84HYTVCYQNTT484GDM,Email,n/a
Zaymo AMP Approval Campaign - help@send.vahdam.com,n/a,,The new email experience,Zaymo AMP Approval List,2025-10-10 02:04:12,Friday,2.0,0.0,0.00%,0.0,1.0,50.00%,2.0,0.0,0.00%,0.0,0.0,0.0,0.00%,2.0,0.0,0.00%,01K76BACG9M4TXSHPFNSTNF035,Email,n/a
Zaymo AMP Approval Campaign - help@send.vahdam.com,n/a,,The new email experience,Zaymo AMP Approval List,2025-10-21 02:05:33,Tuesday,2.0,0.0,0.00%,0.0,1.0,50.00%,3.0,0.0,0.00%,0.0,0.0,0.0,0.00%,2.0,0.0,0.00%,01K82NNQF3WK5FRNR2YP0S9T07,Email,n/a
Zaymo AMP Approval Campaign - help@send.vahdam.com,n/a,,The new email experience,Zaymo AMP Approval List,2025-11-01 02:06:05,Saturday,2.0,0.0,0.00%,0.0,1.0,50.00%,3.0,0.0,0.00%,0.0,0.0,0.0,0.00%,2.0,0.0,0.00%,01K8Z02KGA3HQM2GAB09JENBQ8,Email,n/a
"Nov 11, 2025 - GMA - Coffee","Nov 11, 2025 - GMA - Coffee Variation A",,Back in Stock: Ashwagandha Coffee!,GMA - Coffee,2025-11-11 08:00:00,Tuesday,124.0,0.0,0.00%,0.0,49.0,40.16%,79.0,5.0,4.10%,5.0,5.0,1.0,0.82%,122.0,2.0,1.61%,01K9SC7DS9JN6RB1XXPXQ1EFJW,Email,N
"Nov 11, 2025 - GMA - Coffee","Nov 11, 2025 - GMA - Coffee Variation B",,"Back in Stock Just for You, {{ first_name }}: Ashwagandha Coffee!",GMA - Coffee,2025-11-11 08:00:00,Tuesday,121.0,0.0,0.00%,0.0,39.0,33.33%,56.0,0.0,0.00%,0.0,3.0,0.0,0.00%,117.0,4.0,3.31%,01K9SC7DS9JN6RB1XXPXQ1EFJW,Email,N
"Nov 11, 2025 - GMA - Coffee - Large Data","Nov 11, 2025 - GMA - Coffee - Large Data",,Back in Stock: Ashwagandha Coffee!,GMA - Coffee new,2025-11-11 08:55:26,Tuesday,16883.0,7.0,0.04%,638.21,5646.0,35.09%,8471.0,142.0,0.88%,189.0,489.0,60.0,0.37%,16091.0,792.0,4.69%,01K9SK4Q5M8483RR6BDCB3C7WH,Email,Y
"Nov 11, 2025 - GMA - Coffee - Large Data","Nov 11, 2025 - GMA - Coffee - Large Data",,"Back in Stock Just for You, {{ first_name }}: Ashwagandha Coffee!",GMA - Coffee new,2025-11-11 08:55:26,Tuesday,16889.0,3.0,0.02%,234.61,5653.0,35.14%,8324.0,148.0,0.92%,167.0,527.0,63.0,0.39%,16088.0,801.0,4.74%,01K9SK4Q5M8483RR6BDCB3C7WH,Email,N
Zaymo AMP Approval Campaign - help@send.vahdam.com,n/a,,The new email experience,Zaymo AMP Approval List,2025-11-12 01:05:59,Wednesday,2.0,0.0,0.00%,0.0,1.0,50.00%,5.0,0.0,0.00%,0.0,0.0,0.0,0.00%,2.0,0.0,0.00%,01K9VAEA845CSCMEDQZ570321E,Email,n/a
"Campaign Nov 14, 2025",n/a,,Discover Your New Morning Ritual ✨,GMA - Coffee new,2025-11-14 00:15:57,Friday,31749.0,5.0,0.02%,348.08,7077.0,22.71%,10634.0,168.0,0.54%,242.0,376.0,37.0,0.12%,31170.0,579.0,1.82%,01KA0C6KWFR074N3FT772XGH5B,Email,n/a
Campaign Feedback,n/a,,We Improved Your Favorite Coffee. Try It Free!,Coffee Feedback Customer Segment,2025-11-14 04:30:55,Friday,1011.0,9.0,0.90%,732.62,377.0,37.51%,620.0,0.0,0.00%,0.0,8.0,1.0,0.10%,1005.0,6.0,0.59%,01KA0TFC84J16E69F0C7WBDG8Y,Email,n/a
E-Mail #1,n/a,,Claim Free Gifts Worth $48. Just For Today!,AC Till Date Minus Purchasers D15,2025-12-01 08:00:00,Monday,220.0,2.0,0.91%,177.26,67.0,30.45%,105.0,3.0,1.36%,8.0,1.0,0.0,0.00%,220.0,0.0,0.00%,01KBCPE0YXHAEAFXYHXNGQ734V,Email,n/a
E-Mail #2,n/a,,Free Gifts Worth $48 Today!,AC Till Date Minus Purchasers D15,2025-12-01 14:59:10,Monday,13.0,0.0,0.00%,0.0,4.0,30.77%,6.0,0.0,0.00%,0.0,0.0,0.0,0.00%,13.0,0.0,0.00%,01KBDQDAX1SBXY0TRAC3NE6Q9B,Email,n/a
E-Mail #3,n/a,,Ends Tonight: Claim $48 Worth of Free Gifts,AC Till Date Minus Purchasers D15,2025-12-01 16:00:00,Monday,2.0,0.0,0.00%,0.0,0.0,0.00%,0.0,0.0,0.00%,0.0,0.0,0.0,0.00%,2.0,0.0,0.00%,01KBDQZE0KBC6RNV3N2WJKZX86,Email,n/a
E-Mail #5,n/a,,Final Hours: $48 Free Gifts With Every Coffee That Supports Weight Loss,AC Till Date Minus Purchasers D15,2025-12-01 18:00:00,Monday,1.0,0.0,0.00%,0.0,0.0,0.00%,0.0,0.0,0.00%,0.0,0.0,0.0,0.00%,1.0,0.0,0.00%,01KBDRE9G9KG2BESQMQF03NNY8,Email,n/a
Coffee Feedback 15 Minutes 400,Arihant,coffee,Get $50 for a 15-minute conversation,US Coffee Feedback,2026-02-14 04:00:00,Saturday,97.0,0.0,0.00%,0.0,40.0,42.10%,63.0,0.0,0.00%,0.0,1.0,0.0,0.00%,95.0,2.0,2.06%,01KHB02D03E0GBQ7XDBWMY1S5A,Email,N
Coffee Feedback 15 Minutes 400,Lavanya,coffee,Get $50 for a 15-minute conversation,US Coffee Feedback,2026-02-14 04:00:00,Saturday,97.0,0.0,0.00%,0.0,35.0,38.46%,45.0,0.0,0.00%,0.0,0.0,0.0,0.00%,91.0,6.0,6.19%,01KHB02D03E0GBQ7XDBWMY1S5A,Email,N
Coffee Feedback 15 Minutes 400,Purnima,coffee,Get $50 for a 15-minute conversation,US Coffee Feedback,2026-02-14 04:00:00,Saturday,96.0,2.0,2.10%,109.99,39.0,41.05%,55.0,1.0,1.05%,1.0,2.0,0.0,0.00%,95.0,1.0,1.04%,01KHB02D03E0GBQ7XDBWMY1S5A,Email,N
Coffee Feedback 15 Minutes 400,Srishti,coffee,Get $50 for a 15-minute conversation,US Coffee Feedback,2026-02-14 04:00:00,Saturday,95.0,0.0,0.00%,0.0,34.0,36.17%,44.0,2.0,2.13%,3.0,1.0,0.0,0.00%,94.0,1.0,1.05%,01KHB02D03E0GBQ7XDBWMY1S5A,Email,Y
Coffee Feedback 15 Minutes Master,Coffee Feedback 15 Minutes Master,coffee,Get $50 for a 15-minute conversation,Coffee Feedback Master - KV,2026-02-16 04:30:00,Monday,313.0,0.0,0.00%,0.0,119.0,39.15%,160.0,1.0,0.33%,1.0,2.0,0.0,0.00%,304.0,9.0,2.88%,01KHJSAYY0VAZMYAEC9ZN8GM1D,Email,N
Coffee Feedback 15 Minutes Master,Coffee Feedback 15 Minutes Master,coffee,Get $50 for a 15-minute conversation,Coffee Feedback Master - KV,2026-02-16 04:30:00,Monday,312.0,0.0,0.00%,0.0,102.0,33.77%,137.0,5.0,1.66%,6.0,1.0,0.0,0.00%,302.0,10.0,3.21%,01KHJSAYY0VAZMYAEC9ZN8GM1D,Email,N
Coffee Feedback 15 Minutes Master,Coffee Feedback 15 Minutes Master,coffee,Get $50 for a 15-minute conversation,Coffee Feedback Master - KV,2026-02-16 04:30:00,Monday,312.0,1.0,0.33%,72.15,124.0,40.66%,191.0,8.0,2.62%,14.0,4.0,0.0,0.00%,305.0,7.0,2.24%,01KHJSAYY0VAZMYAEC9ZN8GM1D,Email,Y
Coffee Feedback 15 Minutes Master,Coffee Feedback 15 Minutes Master,coffee,Get $50 for a 15-minute conversation,Coffee Feedback Master - KV,2026-02-16 04:30:00,Monday,313.0,0.0,0.00%,0.0,120.0,39.73%,162.0,2.0,0.66%,4.0,2.0,0.0,0.00%,302.0,11.0,3.51%,01KHJSAYY0VAZMYAEC9ZN8GM1D,Email,N
Coffee OTB to SUB,Coffee OTB to SUB Variation A,coffee,You left $65 on the table,Coffee OTB,2026-03-06 09:30:00,Friday,700.0,2.0,0.30%,121.44,239.0,36.10%,329.0,3.0,0.45%,3.0,6.0,0.0,0.00%,662.0,38.0,5.43%,01KK1M7CJ1TV3B2V39F7D1PRTE,Email,N
Coffee OTB to SUB,Coffee OTB to SUB Variation B,coffee,"Hey {{ first_name }}, you left $65 on the table!",Coffee OTB,2026-03-06 09:30:00,Friday,698.0,4.0,0.61%,268.07,220.0,33.74%,302.0,7.0,1.07%,9.0,5.0,2.0,0.31%,652.0,46.0,6.59%,01KK1M7CJ1TV3B2V39F7D1PRTE,Email,Y
Email 1,n/a,,The herbs that India has sworn by for centuries,90 Days Clickers,2026-03-27 13:45:00,Friday,4156.0,6.0,0.15%,281.81,2188.0,56.49%,2883.0,118.0,3.05%,175.0,20.0,2.0,0.05%,3873.0,283.0,6.81%,01KMR33KPRA8CEM8YGR9X2GW9Z,Email,n/a
Email 1,n/a,,The herbs that India has sworn by for centuries,60 Days Openers - 1 Session,2026-03-27 15:45:00,Friday,25292.0,6.0,0.03%,266.19,14435.0,61.47%,20396.0,33.0,0.14%,48.0,80.0,3.0,0.01%,23483.0,1809.0,7.15%,01KMR6XBXB0TYTP83R5HABFSRF,Email,n/a
Email 1,Email 1 Variation A,,The herbs that India has sworn by for centuries,PredAna_AvgDays_30_No_Order,2026-03-27 23:55:00,Friday,899.0,0.0,0.00%,0.0,265.0,31.77%,398.0,3.0,0.36%,4.0,5.0,1.0,0.12%,834.0,65.0,7.23%,01KMS8Z6HRV7MBRXCE8C2QAYHR,Email,N
Email 1,Email 1 Variation B,,"{{ first_name }}, join us in Discovering Herbal Wisdom",PredAna_AvgDays_30_No_Order,2026-03-27 23:55:00,Friday,930.0,1.0,0.11%,53.39,359.0,41.08%,541.0,2.0,0.23%,2.0,20.0,0.0,0.00%,874.0,56.0,6.02%,01KMS8Z6HRV7MBRXCE8C2QAYHR,Email,Y
Email 1,Email 1,,The herbs that India has sworn by for centuries,Active L30D,2026-03-28 00:00:00,Saturday,393.0,2.0,0.59%,86.27,125.0,37.09%,192.0,4.0,1.19%,7.0,6.0,1.0,0.30%,337.0,56.0,14.25%,01KMS9AS0G3F3SH03VB8H5ZX68,Email,Y
Email 1,Email 1,,"{{ first_name }}, join us in Discovering Herbal Wisdom",Active L30D,2026-03-28 00:00:00,Saturday,435.0,1.0,0.27%,64.8,149.0,40.27%,221.0,3.0,0.81%,9.0,12.0,0.0,0.00%,370.0,65.0,14.94%,01KMS9AS0G3F3SH03VB8H5ZX68,Email,N
Email 1,Email 1 Variation A,,"Your Herbal Collection Awaits, {{ first_name }}!",60 Days Openers - 1 Session,2026-03-28 09:15:00,Saturday,7133.0,0.0,0.00%,0.0,1710.0,27.33%,2116.0,13.0,0.21%,18.0,21.0,2.0,0.03%,6257.0,876.0,12.28%,01KMT8XZW5QX4E0WS05BCP2MGE,Email,N
Email 1,Email 1 Variation B,,"Curious About Your Herbal Collection, {{ first_name }}?",60 Days Openers - 1 Session,2026-03-28 09:15:00,Saturday,7130.0,2.0,0.03%,98.17,1702.0,27.70%,2136.0,13.0,0.21%,15.0,9.0,0.0,0.00%,6145.0,985.0,13.81%,01KMT8XZW5QX4E0WS05BCP2MGE,Email,Y
All L2D Openers,All L2D Openers Variation A,,Small Changes for a Better Morning! ☀️,"60 Days Openers - 1 Session, 90 Days Clickers, AC PDF Email Subscribers, AC Pagedeck Signup List, All NL Aud, Buyers L365D",2026-03-28 09:57:59,Saturday,2205.0,5.0,0.23%,229.71,1696.0,78.74%,2396.0,74.0,3.44%,90.0,15.0,1.0,0.05%,2154.0,51.0,2.31%,01KMTB9JTT4BVB5D53GQTPKH4Q,Email,Y
All L2D Openers,All L2D Openers Variation B,,"Kickstart Your Day, {{ first_name }}! ☕","60 Days Openers - 1 Session, 90 Days Clickers, AC PDF Email Subscribers, AC Pagedeck Signup List, All NL Aud, Buyers L365D",2026-03-28 09:57:59,Saturday,2241.0,1.0,0.05%,70.43,1711.0,78.20%,2433.0,76.0,3.47%,90.0,29.0,1.0,0.05%,2188.0,53.0,2.37%,01KMTB9JTT4BVB5D53GQTPKH4Q,Email,N
All S2,n/a,,Second Flush Darjeeling - Last Few Left,All 365 Day Purchasers,2026-03-28 12:26:20,Saturday,7643.0,12.0,0.17%,698.27,2334.0,32.09%,3371.0,61.0,0.84%,80.0,91.0,2.0,0.03%,7274.0,369.0,4.83%,01KMTKKEEMKQK88BXA3DT10N5C,Email,n/a
Last 24H Non Openeres,n/a,,🌸 Early Access: Take 26% OFF Before Everyone Else,"60 Days Openers - 1 Session, 90 Days Clickers, AC PDF Email Subscribers, AC Pagedeck Signup List, Active L30D, All 365 Day Purchasers",2026-03-28 23:47:43,Saturday,415.0,8.0,2.03%,377.44,73.0,18.53%,95.0,7.0,1.78%,13.0,2.0,0.0,0.00%,394.0,21.0,5.06%,01KMVTF7F6S5Z0E9XJN519ECEF,Email,n/a
Last 24H Non Openeres (clone),n/a,,Early Access: Take 26% OFF Before Everyone Else,"60 Days Openers - 1 Session, 90 Days Clickers, AC PDF Email Subscribers, AC Pagedeck Signup List, Active L30D, All 365 Day Purchasers",2026-03-29 10:28:15,Sunday,29993.0,17.0,0.06%,888.2,10666.0,38.79%,14448.0,131.0,0.48%,160.0,120.0,4.0,0.01%,27496.0,2497.0,8.33%,01KMWZPVVGGK1H6JNZW50MWGD6,Email,n/a
All S2 (clone),n/a,,Final Chance for Second Flush Darjeeling!,"90 Days Clickers, All 365 Day Purchasers",2026-03-29 12:34:46,Sunday,8010.0,11.0,0.15%,653.89,1016.0,13.75%,1262.0,61.0,0.83%,66.0,29.0,3.0,0.04%,7388.0,622.0,7.76%,01KMX72BMTXD5Q9BP2HAYJJ29E,Email,n/a
All S2 new,n/a,,Don't Miss Out on Our Limited Darjeeling Spring Offer!,"90 Days Clickers, All 365 Day Purchasers, All NL Aud",2026-03-30 15:25:37,Monday,4575.0,3.0,0.07%,141.72,2752.0,62.86%,3591.0,123.0,2.81%,132.0,25.0,1.0,0.02%,4378.0,197.0,4.31%,01KN02Q9WSQ03GNVJY1Z95YXEC,Email,n/a
31 S2,n/a,,"What 59,898+ of Wellness Lovers Are Sipping This Spring","90 Days Clickers, All 365 Day Purchasers",2026-03-31 22:13:49,Tuesday,12151.0,42.0,0.37%,2883.06,4758.0,41.46%,6749.0,178.0,1.55%,241.0,128.0,2.0,0.02%,11477.0,674.0,5.55%,01KN3BSMSTKK9AXYKM1WYJ9WM3,Email,n/a
31 S2 (clone),31 S2 (clone) Variation A,,Taste the Spring Collection Everyone's Raving About!,"60 Days Openers - 1 Session, 90 Days Clickers, All 365 Day Purchasers, All Coffee Buyers, All NL Aud, Ashwagandha Coffee Signups, Coffee cancellers - Not active, Turmeric Coffee Buyers- Last 12 months (Jul'20 to Jul'21), Turmeric Coffee Buyers- Last 6 months (Feb-July)",2026-03-31 23:16:22,Tuesday,19845.0,5.0,0.03%,364.45,8053.0,43.73%,11204.0,38.0,0.21%,54.0,184.0,11.0,0.06%,18416.0,1429.0,7.20%,01KN3FE1XC3T55KVBAYK5QC6VM,Email,N
31 S2 (clone),31 S2 (clone) Variation B,,"Discover Wellness Together, {{ first_name }}!","60 Days Openers - 1 Session, 90 Days Clickers, All 365 Day Purchasers, All Coffee Buyers, All NL Aud, Ashwagandha Coffee Signups, Coffee cancellers - Not active, Turmeric Coffee Buyers- Last 12 months (Jul'20 to Jul'21), Turmeric Coffee Buyers- Last 6 months (Feb-July)",2026-03-31 23:16:22,Tuesday,21074.0,4.0,0.02%,265.62,8521.0,43.67%,11968.0,47.0,0.24%,67.0,200.0,13.0,0.07%,19514.0,1560.0,7.40%,01KN3FE1XC3T55KVBAYK5QC6VM,Email,Y
31 S2 (clone) (clone),31 S2 (clone) (clone),,Taste the Spring Collection Everyone's Raving About!,"60 Days Openers - 1 Session, 90 Days Clickers, All 365 Day Purchasers, All Coffee Buyers, All NL Aud, Ashwagandha Coffee Signups, Coffee cancellers - Not active, Turmeric Coffee Buyers- Last 12 months (Jul'20 to Jul'21), Turmeric Coffee Buyers- Last 6 months (Feb-July)",2026-03-31 23:18:18,Tuesday,753.0,0.0,0.00%,0.0,333.0,47.98%,460.0,1.0,0.14%,1.0,6.0,1.0,0.14%,694.0,59.0,7.83%,01KN3GRKFZ1JHQM29YGAWBCREK,Email,N
31 S2 (clone) (clone),31 S2 (clone) (clone),,"Discover Wellness Together, {{ first_name }}!","60 Days Openers - 1 Session, 90 Days Clickers, All 365 Day Purchasers, All Coffee Buyers, All NL Aud, Ashwagandha Coffee Signups, Coffee cancellers - Not active, Turmeric Coffee Buyers- Last 12 months (Jul'20 to Jul'21), Turmeric Coffee Buyers- Last 6 months (Feb-July)",2026-03-31 23:18:18,Tuesday,716.0,0.0,0.00%,0.0,281.0,41.63%,392.0,2.0,0.30%,3.0,5.0,0.0,0.00%,675.0,41.0,5.73%,01KN3GRKFZ1JHQM29YGAWBCREK,Email,Y
02 S2,02 S2 Variation A,,"Spring Favorites Await, {{ first_name }}!","60 Days Openers - 1 Session, 90 Days Clickers, All 365 Day Purchasers, All Coffee Buyers, All NL Aud, Ashwagandha Coffee Signups, Coffee cancellers - Not active, Turmeric Coffee Buyers- Last 12 months (Jul'20 to Jul'21), Turmeric Coffee Buyers- Last 6 months (Feb-July)",2026-04-02 08:13:23,Thursday,5012.0,5.0,0.11%,232.95,2428.0,53.13%,3345.0,80.0,1.75%,106.0,43.0,3.0,0.07%,4570.0,442.0,8.82%,01KN71DBT56RARP0PCT9GPVV9N,Email,Y
02 S2,02 S2 Variation B,,Join Us in Discovering Wellness!,"60 Days Openers - 1 Session, 90 Days Clickers, All 365 Day Purchasers, All Coffee Buyers, All NL Aud, Ashwagandha Coffee Signups, Coffee cancellers - Not active, Turmeric Coffee Buyers- Last 12 months (Jul'20 to Jul'21), Turmeric Coffee Buyers- Last 6 months (Feb-July)",2026-04-02 08:13:23,Thursday,5015.0,5.0,0.11%,288.0,2291.0,50.60%,3109.0,61.0,1.35%,101.0,37.0,2.0,0.04%,4528.0,487.0,9.71%,01KN71DBT56RARP0PCT9GPVV9N,Email,N
Survey 9 April,n/a,,"{{first_name}},  quick check-in on your coffee routine ☕",Active Subs - Last Purchase 25 Days,2026-04-09 06:30:00,Thursday,395.0,0.0,0.00%,0.0,166.0,46.63%,267.0,7.0,1.97%,8.0,2.0,0.0,0.00%,356.0,39.0,9.87%,01KNS24EB0AP9T8E40SSKY65S0,Email,n/a
"Campaign Apr 28, 2026, 7:14 PM",n/a,test,Reset! Refresh! Feel Amazing!,"Test - Anchit, Test Segment - Anchit",2026-04-28 10:15:41,Tuesday,5.0,0.0,0.00%,0.0,4.0,80.00%,6.0,0.0,0.00%,0.0,0.0,0.0,0.00%,5.0,0.0,0.00%,01KQA5AWDSBCQ35J539BKW1KMP,Email,n/a
Trust Pilot Reviews,n/a,test,Help the next person find their cup of tea!,Buyers minus 15 Days,2026-05-18 10:00:00,Monday,667.0,3.0,0.45%,133.94,380.0,56.97%,543.0,5.0,0.75%,5.0,10.0,0.0,0.00%,667.0,0.0,0.00%,01KRXKS24E04F4HR45HZKQ6BD2,Email,n/a
Trust Pilot Reviews v2,n/a,test,Help the next person find their cup of tea!,Buyers From 01 Mar to 05 May,2026-05-19 06:00:00,Tuesday,3034.0,22.0,0.73%,1367.8,1073.0,35.40%,1437.0,24.0,0.79%,28.0,13.0,0.0,0.00%,3031.0,3.0,0.10%,01KRZSKCMP6YF87TGNQYEBAGZY,Email,n/a
Trust Pilot Reviews v3,n/a,test,Yours is the review someone's reading tonight.,2 or More Orders & Last Order in Last 6 Months,2026-05-20 06:45:00,Wednesday,2625.0,9.0,0.34%,457.04,863.0,32.96%,1117.0,18.0,0.69%,22.0,8.0,0.0,0.00%,2618.0,7.0,0.27%,01KS2FCDGARC498GMF3BERC76D,Email,n/a
User survey new buyers,n/a,test,"How's the coffee treating you, {{first_name}}? ☕",Coffee Buyers - Shopify Export,2026-05-22 13:06:41,Friday,3327.0,8.0,0.24%,280.51,1253.0,38.30%,1608.0,35.0,1.07%,40.0,54.0,2.0,0.06%,3272.0,55.0,1.65%,01KS88H9A835R3V7S2M6S6P3Y0,Email,n/a
US cancellers Call,n/a,test,"A $50 gift for 15 minutes of your time, {{first_name}}",$ months canceller,2026-05-22 13:15:00,Friday,366.0,1.0,0.27%,75.0,147.0,40.16%,182.0,5.0,1.37%,8.0,5.0,0.0,0.00%,366.0,0.0,0.00%,01KS8AG4S8FMJHT0EZ8AX757EK,Email,n/a
ABD CHCKT #1,ABD CHCKT #1 Variation A,test,"{{first_name}}, you left something behind",All Checkout Abandoners Minus Purchasers - Coffee,2026-05-23 04:00:00,Saturday,1155.0,2.0,0.18%,99.56,445.0,38.83%,543.0,10.0,0.87%,14.0,15.0,0.0,0.00%,1146.0,9.0,0.78%,01KSA1H2JZY8D65Y3TCSGEVVB3,Email,N
ABD CHCKT #1,ABD CHCKT #1 Variation B,test,Your long weekend deserves a better cup,All Checkout Abandoners Minus Purchasers - Coffee,2026-05-23 04:00:00,Saturday,1161.0,3.0,0.26%,184.99,429.0,37.30%,541.0,7.0,0.61%,13.0,18.0,0.0,0.00%,1150.0,11.0,0.95%,01KSA1H2JZY8D65Y3TCSGEVVB3,Email,N
ABD CHCKT #1,ABD CHCKT #1 Variation C,test,Still in your cart: your calm-energy coffee,All Checkout Abandoners Minus Purchasers - Coffee,2026-05-23 04:00:00,Saturday,1155.0,3.0,0.26%,133.43,446.0,38.88%,581.0,16.0,1.40%,25.0,13.0,1.0,0.09%,1147.0,8.0,0.69%,01KSA1H2JZY8D65Y3TCSGEVVB3,Email,Y
ABD CHCKT #2,n/a,test,Does it actually taste like coffee?,All Checkout Abandoners Minus Purchasers - Coffee,2026-05-24 06:00:00,Sunday,3436.0,9.0,0.27%,531.27,1222.0,35.92%,1526.0,17.0,0.50%,29.0,34.0,1.0,0.03%,3402.0,34.0,0.99%,01KSCX0TQZCQAXHRDAN6N83NE9,Email,n/a
NPS - (01st Apr – 145th May),n/a,test,You've been with us a while — we'd love your honest take,New Customers (01st Apr – 15th May): New CX,2026-05-26 02:50:40,Tuesday,1481.0,2.0,0.14%,76.97,417.0,28.21%,474.0,20.0,1.35%,20.0,3.0,1.0,0.07%,1478.0,3.0,0.20%,01KSHGA30XNXNVEPPGENNHS8BM,Email,n/a
NPS -  (Feb 16 – March 31),n/a,test,You've been with us a while — we'd love your honest take,New Customers (Feb 16 – March 31): New CX,2026-05-26 05:45:00,Tuesday,921.0,0.0,0.00%,0.0,182.0,19.78%,207.0,7.0,0.76%,13.0,8.0,0.0,0.00%,920.0,1.0,0.11%,01KSHGK3Y1GPDF55Q8EXSZDFBR,Email,n/a
NPS -  (Jan 1 – Feb 15),n/a,test,You've been with us a while — we'd love your honest take,New Customers (Jan 1 – Feb 15): New CX,2026-05-26 05:45:00,Tuesday,774.0,0.0,0.00%,0.0,152.0,19.69%,179.0,5.0,0.65%,7.0,5.0,0.0,0.00%,772.0,2.0,0.26%,01KSHGNKD361AFW0B4HWS36AD7,Email,n/a
US cancellers Call Follow up,n/a,test,"A $50 gift for 15 minutes of your time, {{first_name}}",$ months canceller,2026-05-26 09:10:08,Tuesday,366.0,0.0,0.00%,0.0,85.0,23.22%,93.0,1.0,0.27%,1.0,4.0,0.0,0.00%,366.0,0.0,0.00%,01KSJ6DNVDMHNRQH6DH1XQNCB0,Email,n/a
